/*
SQLyog Ultimate v9.63 
MySQL - 5.6.17 : Database - stage_galaxy
*********************************************************************
*/

/*!40101 SET NAMES utf8 */;

/*!40101 SET SQL_MODE=''*/;

/*!40014 SET @OLD_UNIQUE_CHECKS=@@UNIQUE_CHECKS, UNIQUE_CHECKS=0 */;
/*!40014 SET @OLD_FOREIGN_KEY_CHECKS=@@FOREIGN_KEY_CHECKS, FOREIGN_KEY_CHECKS=0 */;
/*!40101 SET @OLD_SQL_MODE=@@SQL_MODE, SQL_MODE='NO_AUTO_VALUE_ON_ZERO' */;
/*!40111 SET @OLD_SQL_NOTES=@@SQL_NOTES, SQL_NOTES=0 */;
CREATE DATABASE /*!32312 IF NOT EXISTS*/`stage_galaxy` /*!40100 DEFAULT CHARACTER SET latin1 */;

USE `stage_galaxy`;

/*Table structure for table `account` */

DROP TABLE IF EXISTS `account`;

CREATE TABLE `account` (
  `account_code` int(10) NOT NULL,
  `title` varchar(60) NOT NULL,
  `parent_code` int(10) DEFAULT NULL,
  `opening_credit` double(10,2) DEFAULT '0.00',
  `opening_debit` double(10,2) DEFAULT '0.00',
  `last_opening_credit` double(10,2) NOT NULL DEFAULT '0.00',
  `last_opening_debit` double(10,2) NOT NULL DEFAULT '0.00',
  `opening_date` date NOT NULL,
  `level` int(1) NOT NULL,
  `ledger_balance` double(12,2) DEFAULT '0.00',
  `amount_limit` double(12,2) DEFAULT '0.00',
  `isActive` tinyint(1) NOT NULL DEFAULT '1',
  PRIMARY KEY (`account_code`)
) ENGINE=InnoDB DEFAULT CHARSET=latin1;

/*Data for the table `account` */

insert  into `account`(`account_code`,`title`,`parent_code`,`opening_credit`,`opening_debit`,`last_opening_credit`,`last_opening_debit`,`opening_date`,`level`,`ledger_balance`,`amount_limit`,`isActive`) values (1000000000,'FIXED ASSETS',NULL,0.00,0.00,0.00,0.00,'2017-11-01',1,35379193.00,0.00,1),(1001000000,'Property,Plant and Equipment',1000000000,0.00,0.00,0.00,0.00,'2017-11-01',2,35379193.00,0.00,1),(1001010000,'Operating Assets',1001000000,0.00,0.00,0.00,0.00,'2017-11-01',3,6400194.00,0.00,1),(1001020000,'Other Operating Assets',1001000000,0.00,0.00,0.00,0.00,'2017-11-01',3,4928877.00,0.00,1),(1001040000,'Leasehold Land',1001000000,0.00,0.00,0.00,0.00,'2017-11-01',3,23376005.00,0.00,1),(1001050000,'Motor Vehicles',1001000000,0.00,0.00,0.00,0.00,'2017-11-01',3,0.00,0.00,1),(1001060000,'Furniture and Fixtures - Show Room',1001000000,0.00,0.00,0.00,0.00,'2018-04-17',3,277216.00,NULL,1),(1001070000,'Computers, Laptops and Printers',1001000000,0.00,0.00,0.00,0.00,'2018-04-17',3,228900.00,NULL,1),(1001080000,'Work in Progress - Fixed Assets',1001000000,0.00,0.00,0.00,0.00,'2018-04-20',3,0.00,NULL,1),(1002000000,'Intangible Assets',1000000000,0.00,0.00,0.00,0.00,'2017-11-01',2,0.00,0.00,1),(1002010000,'Cost of Intangible Assets',1002000000,0.00,0.00,0.00,0.00,'2017-11-01',3,0.00,0.00,1),(1002020000,'Accumulated Amortisation',1002000000,0.00,0.00,0.00,0.00,'2017-11-01',3,0.00,0.00,1),(1002030000,'Cost of Software',1002000000,0.00,0.00,0.00,0.00,'2017-11-01',3,0.00,0.00,1),(1003000000,'Investments',1000000000,0.00,0.00,0.00,0.00,'2017-11-01',2,0.00,0.00,1),(1003020000,'Others - Available for Sales',1003000000,0.00,0.00,0.00,0.00,'2017-11-01',3,0.00,0.00,1),(1004000000,'Long Term Loans and Deposits',1000000000,0.00,0.00,0.00,0.00,'2017-11-01',2,0.00,0.00,1),(1004010000,'Loan to related parties',1004000000,0.00,0.00,0.00,0.00,'2017-11-01',3,0.00,0.00,1),(1004020000,'Other Loans and Advances ',1004000000,0.00,0.00,0.00,0.00,'2017-11-01',3,0.00,0.00,1),(1006000000,'Tractor',1000000000,0.00,0.00,0.00,0.00,'2020-03-06',2,NULL,NULL,1),(1007000000,'Trolleys',1000000000,0.00,0.00,0.00,0.00,'2020-03-06',2,NULL,NULL,1),(1008000000,'Concert Mixtec Small & Large',1000000000,0.00,0.00,0.00,0.00,'2020-03-06',2,NULL,NULL,1),(1009000000,'Water Tank',1000000000,0.00,0.00,0.00,0.00,'2020-03-06',2,NULL,NULL,1),(1010000000,'Dynamo',1000000000,0.00,0.00,0.00,0.00,'2020-03-06',2,NULL,NULL,1),(1011000000,'Generator',1000000000,0.00,0.00,0.00,0.00,'2020-03-06',2,NULL,NULL,1),(1012000000,'Water Pump',1000000000,0.00,0.00,0.00,0.00,'2020-03-06',2,NULL,NULL,1),(1013000000,'Compactor',1000000000,0.00,0.00,0.00,0.00,'2020-03-06',2,NULL,NULL,1),(1100000000,'Current Assets',NULL,0.00,0.00,0.00,0.00,'2017-11-01',1,749764962.72,0.00,1),(1102000000,'Stock-in-Trade',1100000000,0.00,0.00,0.00,0.00,'2017-11-01',2,0.00,0.00,1),(1102040000,'Available Plots',1102000000,0.00,0.00,0.00,0.00,'2018-04-07',3,0.00,NULL,1),(1102040001,'Phase 2',1102080000,0.00,0.00,0.00,0.00,'2020-03-07',4,NULL,NULL,1),(1102040002,'Phase 1',1102080000,0.00,0.00,0.00,0.00,'2020-03-09',4,NULL,NULL,1),(1102040003,'Phase 3',1102080000,0.00,0.00,0.00,0.00,'2020-03-09',4,NULL,NULL,1),(1102040004,'Phase 4',1102080000,0.00,0.00,0.00,0.00,'2020-03-09',4,NULL,NULL,1),(1102040005,'Block A',1102050000,0.00,0.00,0.00,0.00,'2020-03-09',4,NULL,NULL,1),(1102040006,'Block B',1102050000,0.00,0.00,0.00,0.00,'2020-03-09',4,NULL,NULL,1),(1102040007,'Phase 1',1102120000,0.00,0.00,0.00,0.00,'2020-03-13',4,NULL,NULL,1),(1102050000,'Gulshan-E-Usman Kot Addu',1102000000,0.00,0.00,0.00,0.00,'2020-04-06',3,NULL,NULL,1),(1102060000,'NDVHS D.G.Khan',1102000000,0.00,0.00,0.00,0.00,'2020-04-06',3,NULL,NULL,1),(1102070000,'Gulshan-E-Usman Kot Addu',1102000000,0.00,0.00,0.00,0.00,'2020-04-06',3,NULL,NULL,1),(1102080000,'Gulberg',1102000000,0.00,0.00,0.00,0.00,'2020-04-06',3,NULL,NULL,1),(1102090000,'Green City Shah Saddar Din',1102000000,0.00,0.00,0.00,0.00,'2020-04-06',3,NULL,NULL,1),(1102100000,'Farm House D.G.Khan',1102000000,0.00,0.00,0.00,0.00,'2020-04-06',3,NULL,NULL,1),(1102110000,'Dream Garden D.G.Khan',1102000000,0.00,0.00,0.00,0.00,'2020-04-06',3,NULL,NULL,1),(1102120000,'City Garden D.G.Khan',1102000000,0.00,0.00,0.00,0.00,'2020-04-06',3,NULL,NULL,1),(1102130000,'City Centre Jampur',1102000000,0.00,0.00,0.00,0.00,'2020-04-06',3,NULL,NULL,1),(1102140000,'Anari Orchard',1102000000,0.00,0.00,0.00,0.00,'2020-04-06',3,NULL,NULL,1),(1103000000,'Trade Debtors',1100000000,0.00,0.00,0.00,0.00,'2017-11-13',2,0.00,0.00,1),(1103010000,'Trade Debtors Current',1103000000,0.00,0.00,0.00,0.00,'2017-11-13',3,0.00,0.00,1),(1103010001,'Waleed Mubashir',1103010000,0.00,0.00,0.00,0.00,'2020-03-05',4,NULL,NULL,1),(1103010002,'Shah Nawaz Baloch',1103010000,0.00,0.00,0.00,0.00,'2020-03-05',4,NULL,NULL,1),(1103010003,'Usman Sb',1103010000,0.00,0.00,0.00,0.00,'2020-03-05',4,NULL,NULL,1),(1103010004,'Zakat',1103010000,0.00,0.00,0.00,0.00,'2020-03-05',4,NULL,NULL,1),(1103010005,'Muhammad Husnain Driver',1103010000,0.00,0.00,0.00,0.00,'2020-03-05',4,NULL,NULL,1),(1103010006,'MD Sb',1103010000,0.00,0.00,0.00,0.00,'2020-03-05',4,NULL,NULL,1),(1103010007,'Imran Security Guard',1103010000,0.00,0.00,0.00,0.00,'2020-03-05',4,NULL,NULL,1),(1103010008,'Muhammad Bakhsh Mate',1103010000,0.00,0.00,0.00,0.00,'2020-03-05',4,NULL,NULL,1),(1103010009,'Mehboob Aziz',1103010000,0.00,0.00,0.00,0.00,'2020-03-05',4,NULL,NULL,1),(1103010010,'Muhammad Idrees',1103010000,0.00,0.00,0.00,0.00,'2020-03-05',4,NULL,NULL,1),(1103010011,'Younas Aziz',1103010000,0.00,0.00,0.00,0.00,'2020-03-05',4,NULL,NULL,1),(1103010012,'Siddique Rind Ghazi Ghatt',1103010000,0.00,0.00,0.00,0.00,'2020-03-05',4,NULL,NULL,1),(1103010013,'Fida Shah PTCL',1103010000,0.00,0.00,0.00,0.00,'2020-03-05',4,NULL,NULL,1),(1103010014,'Zahid Sb',1103010000,0.00,0.00,0.00,0.00,'2020-03-05',4,NULL,NULL,1),(1103010015,'Nasreen Sultana',1103010000,0.00,0.00,0.00,0.00,'2020-03-05',4,NULL,NULL,1),(1103010016,'Ch Nasrullah Khan',1103010000,0.00,0.00,0.00,0.00,'2020-03-05',4,NULL,NULL,1),(1103010017,'Shahrukh Batala',1103010000,0.00,0.00,0.00,0.00,'2020-03-05',4,NULL,NULL,1),(1103010018,'Khalid Parveez Jaskani',1103010000,0.00,0.00,0.00,0.00,'2020-03-05',4,NULL,NULL,1),(1103010019,'Abdul Rehman',1103010000,0.00,0.00,0.00,0.00,'2020-03-05',4,NULL,NULL,1),(1103010020,'Sunny Bhai / Mateen Sb',1103010000,0.00,0.00,0.00,0.00,'2020-03-05',4,NULL,NULL,1),(1103010021,'Bilal Ahmad',1103010000,0.00,0.00,0.00,0.00,'2020-03-05',4,NULL,NULL,1),(1103010022,'Gurmani Filling Station',1103010000,0.00,0.00,0.00,0.00,'2020-03-05',4,NULL,NULL,1),(1103010024,'Fouzia Hassani w/o Mehar Din',1103010000,0.00,0.00,0.00,0.00,'2020-03-05',4,NULL,NULL,1),(1103010027,'Zahid Sb P.P',1103010000,0.00,0.00,0.00,0.00,'2020-03-05',4,NULL,NULL,1),(1103010028,'Muhammad Hashim Mate',1103010000,0.00,0.00,0.00,0.00,'2020-03-05',4,NULL,NULL,1),(1103010029,'Khalifa Iqbal',1103010000,0.00,0.00,0.00,0.00,'2020-03-05',4,NULL,NULL,1),(1103010030,'Agha Security',1103010000,0.00,0.00,0.00,0.00,'2020-03-05',4,NULL,NULL,1),(1103010031,'Abid Hussain Babar',1103010000,0.00,0.00,0.00,0.00,'2020-03-05',4,NULL,NULL,1),(1103010032,'Kashif Bhai',1103010000,0.00,0.00,0.00,0.00,'2020-03-05',4,NULL,NULL,1),(1103010033,'Muhammad Ramzan Babar',1103010000,0.00,0.00,0.00,0.00,'2020-03-05',4,NULL,NULL,1),(1103010034,'Junaid Ghouri Broker',1103010000,0.00,0.00,0.00,0.00,'2020-03-05',4,NULL,NULL,1),(1103010035,'Sheikh Tahir',1103010000,0.00,0.00,0.00,0.00,'2020-03-05',4,NULL,NULL,1),(1103010036,'Faiz Haider Shah',1103010000,0.00,0.00,0.00,0.00,'2020-03-05',4,NULL,NULL,1),(1103010037,'Imran Shah',1103010000,0.00,0.00,0.00,0.00,'2020-03-05',4,NULL,NULL,1),(1103010038,'Jamil Tahir/Jimmy Bhai',1103010000,0.00,0.00,0.00,0.00,'2020-03-05',4,NULL,NULL,1),(1103010039,'Ashraf Babu',1103010000,0.00,0.00,0.00,0.00,'2020-03-05',4,NULL,NULL,1),(1103010040,'Makhan Bhai',1103010000,0.00,0.00,0.00,0.00,'2020-03-05',4,NULL,NULL,1),(1103010041,'Jahangir Khalid',1103010000,0.00,0.00,0.00,0.00,'2020-03-05',4,NULL,NULL,1),(1103010042,'Car Installments',1103010000,0.00,0.00,0.00,0.00,'2020-03-06',4,NULL,NULL,1),(1103010043,'Hafiz Munir Ahmad S/o Abdul Rehman',1103010000,0.00,0.00,0.00,0.00,'2020-03-10',4,NULL,NULL,1),(1103010044,'Asim Mehmood S/o Ghulam Rasool Qaisrani',1103010000,0.00,0.00,0.00,0.00,'2020-03-10',4,NULL,NULL,1),(1103010045,'M Qasim+ M Hassan S/o Tariq Ghouri',1103010000,0.00,0.00,0.00,0.00,'2020-03-10',4,NULL,NULL,1),(1103010046,'Najma Bibi W/o Nadir Khan',1103010000,0.00,0.00,0.00,0.00,'2020-03-10',4,NULL,NULL,1),(1103010047,'Abbas Silband',1103010000,0.00,0.00,0.00,0.00,'2020-03-10',4,NULL,NULL,1),(1103010049,'Abdul Ghafar',1103010000,0.00,0.00,0.00,0.00,'2020-03-10',4,NULL,NULL,1),(1103010050,'Abdul Hakeem Amir Bhatti ',1103010000,0.00,0.00,0.00,0.00,'2020-03-10',4,NULL,NULL,1),(1103010051,'Abdul Hameed Pakwan',1103010000,0.00,0.00,0.00,0.00,'2020-03-10',4,NULL,NULL,1),(1103010052,'Abdul Jalil Watch Man',1103010000,0.00,0.00,0.00,0.00,'2020-03-10',4,NULL,NULL,1),(1103010053,'Abdul Karim Outsider/Zakat',1103010000,0.00,0.00,0.00,0.00,'2020-03-10',4,NULL,NULL,1),(1103010054,'Abdul Lateef Broker',1103010000,0.00,0.00,0.00,0.00,'2020-03-10',4,NULL,NULL,1),(1103010055,'Abdul Rasheed Mistri',1103010000,0.00,0.00,0.00,0.00,'2020-03-10',4,NULL,NULL,1),(1103010056,'Abdul Rasheed S/o Muhammad Ramzan',1103010000,0.00,0.00,0.00,0.00,'2020-03-10',4,NULL,NULL,1),(1103010057,'Abdul Razaq Abbasi Relative',1103010000,0.00,0.00,0.00,0.00,'2020-03-10',4,NULL,NULL,1),(1103010058,'Abdul Salam Painter',1103010000,0.00,0.00,0.00,0.00,'2020-03-10',4,NULL,NULL,1),(1103010059,'Abdul Samad / Kernal Tyre',1103010000,0.00,0.00,0.00,0.00,'2020-03-10',4,NULL,NULL,1),(1103010060,'Abdul Sattar',1103010000,0.00,0.00,0.00,0.00,'2020-03-10',4,NULL,NULL,1),(1103010061,'Abdullah Khosa Changwani Broker',1103010000,0.00,0.00,0.00,0.00,'2020-03-10',4,NULL,NULL,1),(1103010062,'Abrar Photostate Mechanic',1103010000,0.00,0.00,0.00,0.00,'2020-03-10',4,NULL,NULL,1),(1103010063,'Mushtaq Ahmad',1103010000,0.00,0.00,0.00,0.00,'2020-03-10',4,NULL,NULL,1),(1103010064,'Ahmad Ali',1103010000,0.00,0.00,0.00,0.00,'2020-03-10',4,NULL,NULL,1),(1103010065,'Aimna Bibi',1103010000,0.00,0.00,0.00,0.00,'2020-03-10',4,NULL,NULL,1),(1103010066,'Akhtar Bhai',1103010000,0.00,0.00,0.00,0.00,'2020-03-10',4,NULL,NULL,1),(1103010067,'Akram Hajana',1103010000,0.00,0.00,0.00,0.00,'2020-03-12',4,NULL,NULL,1),(1103010068,'Al Rehmat Builders Pvt Ltd',1103010000,0.00,0.00,0.00,0.00,'2020-03-12',4,NULL,NULL,1),(1103010069,'Ghulam Asghar Gurmani',1103010000,0.00,0.00,0.00,0.00,'2020-03-12',4,NULL,NULL,1),(1103010070,'Aman Ullah Khosa',1103010000,0.00,0.00,0.00,0.00,'2020-03-12',4,NULL,NULL,1),(1103010071,'Amin Gaddi',1103010000,0.00,0.00,0.00,0.00,'2020-03-12',4,NULL,NULL,1),(1103010072,'Amin Gaddi / Rab Nawaz Changwani',1103010000,0.00,0.00,0.00,0.00,'2020-03-12',4,NULL,NULL,1),(1103010073,'Amir Broker',1103010000,0.00,0.00,0.00,0.00,'2020-03-12',4,NULL,NULL,1),(1103010074,'Anees Ur Rehman',1103010000,0.00,0.00,0.00,0.00,'2020-03-12',4,NULL,NULL,1),(1103010075,'Aqeel Ahmad Grader Helper',1103010000,0.00,0.00,0.00,0.00,'2020-03-12',4,NULL,NULL,1),(1103010076,'Aqib Penlling',1103010000,0.00,0.00,0.00,0.00,'2020-03-12',4,NULL,NULL,1),(1103010077,'Arshad Bhai/ Coppier',1103010000,0.00,0.00,0.00,0.00,'2020-03-12',4,NULL,NULL,1),(1103010078,'Asad Mushtaq/cement',1103010000,0.00,0.00,0.00,0.00,'2020-03-12',4,NULL,NULL,1),(1103010079,'Asghar Hotani',1103010000,0.00,0.00,0.00,0.00,'2020-03-12',4,NULL,NULL,1),(1103010080,'Asif Khursheed',1103010000,0.00,0.00,0.00,0.00,'2020-03-12',4,NULL,NULL,1),(1103010081,'Asma Arooj',1103010000,0.00,0.00,0.00,0.00,'2020-03-12',4,NULL,NULL,1),(1103010082,'Atif Bhai',1103010000,0.00,0.00,0.00,0.00,'2020-03-12',4,NULL,NULL,1),(1103010083,'Aun Abbas / Al Noor Gold Smith',1103010000,0.00,0.00,0.00,0.00,'2020-03-12',4,NULL,NULL,1),(1103010084,'Azeman BiBi Hajana',1103010000,0.00,0.00,0.00,0.00,'2020-03-12',4,NULL,NULL,1),(1103010085,'Aziz Ullah Ghazi Ghatt',1103010000,0.00,0.00,0.00,0.00,'2020-03-12',4,NULL,NULL,1),(1103010086,'Azizu Mai Hajana',1103010000,0.00,0.00,0.00,0.00,'2020-03-12',4,NULL,NULL,1),(1103010087,'Bachal Mai',1103010000,0.00,0.00,0.00,0.00,'2020-03-12',4,NULL,NULL,1),(1103010088,'Allah Bachaya / Bacho City Centre Jampur',1103010000,0.00,506234.00,0.00,0.00,'2020-03-01',4,NULL,NULL,1),(1103010089,'Ch Tariq',1103010000,0.00,0.00,0.00,0.00,'2020-03-12',4,NULL,NULL,1),(1103010090,'Chacha Haju',1103010000,0.00,0.00,0.00,0.00,'2020-03-12',4,NULL,NULL,1),(1103010091,'Colonnel Shaharyar',1103010000,0.00,0.00,0.00,0.00,'2020-03-12',4,NULL,NULL,1),(1103010092,'Dr. Abdul Rehman',1103010000,0.00,0.00,0.00,0.00,'2020-03-12',4,NULL,NULL,1),(1103010093,'Dr. Shakeel Ur Rehman',1103010000,0.00,0.00,0.00,0.00,'2020-03-12',4,NULL,NULL,1),(1103010094,'Durani Autos',1103010000,0.00,0.00,0.00,0.00,'2020-03-12',4,NULL,NULL,1),(1103010095,'Ehsan Sanawan',1103010000,0.00,0.00,0.00,0.00,'2020-03-12',4,NULL,NULL,1),(1103010096,'Ejaz Chandia',1103010000,0.00,0.00,0.00,0.00,'2020-03-12',4,NULL,NULL,1),(1103010097,'FDMA',1103010000,0.00,0.00,0.00,0.00,'2020-03-12',4,NULL,NULL,1),(1103010098,'Faheem Broker',1103010000,0.00,0.00,0.00,0.00,'2020-03-12',4,NULL,NULL,1),(1103010099,'Faisal Ashraf',1103010000,0.00,0.00,0.00,0.00,'2020-03-12',4,NULL,NULL,1),(1103010100,'Faisal Khan Changwani',1103010000,0.00,0.00,0.00,0.00,'2020-03-12',4,NULL,NULL,1),(1103010101,'Faisal Nawaz',1103010000,0.00,0.00,0.00,0.00,'2020-03-12',4,NULL,NULL,1),(1103010102,'Muhammad Faraz',1103010000,0.00,0.00,0.00,0.00,'2020-03-12',4,NULL,NULL,1),(1103010103,'Farhana Iftikhar',1103010000,0.00,0.00,0.00,0.00,'2020-03-12',4,NULL,NULL,1),(1103010104,'Farid Khan',1103010000,0.00,0.00,0.00,0.00,'2020-03-12',4,NULL,NULL,1),(1103010105,'Umer Farooq Bhatti',1103010000,0.00,0.00,0.00,0.00,'2020-03-12',4,NULL,NULL,1),(1103010106,'Farooq Broker',1103010000,0.00,0.00,0.00,0.00,'2020-03-12',4,NULL,NULL,1),(1103010107,'Farrukh Safdar',1103010000,0.00,0.00,0.00,0.00,'2020-03-12',4,NULL,NULL,1),(1103010108,'Fatima Arooj',1103010000,0.00,0.00,0.00,0.00,'2020-03-12',4,NULL,NULL,1),(1103010109,'Fayyaz Haider Broker',1103010000,0.00,0.00,0.00,0.00,'2020-03-12',4,NULL,NULL,1),(1103010110,'Ghazali Raheem',1103010000,0.00,0.00,0.00,0.00,'2020-03-12',4,NULL,NULL,1),(1103010111,'Ghulam Farid',1103010000,0.00,0.00,0.00,0.00,'2020-03-12',4,NULL,NULL,1),(1103010112,'Ghulam Mustafa Hajana',1103010000,0.00,0.00,0.00,0.00,'2020-03-12',4,NULL,NULL,1),(1103010113,'Ghulam Nabi Shikra',1103010000,0.00,0.00,0.00,0.00,'2020-03-12',4,NULL,NULL,1),(1103010114,'Ghulam Qadir Muradani',1103010000,0.00,0.00,0.00,0.00,'2020-03-12',4,NULL,NULL,1),(1103010115,'Ghulam Sarwar S/Guard',1103010000,0.00,0.00,0.00,0.00,'2020-03-12',4,NULL,NULL,1),(1103010116,'Ghulam Shabbir Khosa Broker',1103010000,0.00,0.00,0.00,0.00,'2020-03-12',4,NULL,NULL,1),(1103010117,'Ghulam Shabbir Khosa / Amin Gaddi',1103010000,0.00,0.00,0.00,0.00,'2020-03-12',4,NULL,NULL,1),(1103010118,'Ghulam Yasin Contractor',1103010000,0.00,0.00,0.00,0.00,'2020-03-12',4,NULL,NULL,1),(1103010119,'Ghulam Yasin Changwani',1103010000,0.00,0.00,0.00,0.00,'2020-03-12',4,NULL,NULL,1),(1103010120,'Hafiz Bashir',1103010000,0.00,0.00,0.00,0.00,'2020-03-12',4,NULL,NULL,1),(1103010121,'Hafiz Manzoor',1103010000,0.00,0.00,0.00,0.00,'2020-03-12',4,NULL,NULL,1),(1103010122,'Hafiz Maqsood',1103010000,0.00,0.00,0.00,0.00,'2020-03-12',4,NULL,NULL,1),(1103010123,'Hafiz Munir',1103010000,0.00,0.00,0.00,0.00,'2020-03-12',4,NULL,NULL,1),(1103010124,'Hamid Bhai / Sudia Arab',1103010000,0.00,0.00,0.00,0.00,'2020-03-12',4,NULL,NULL,1),(1103010125,'Hamza Aurganzaib',1103010000,0.00,0.00,0.00,0.00,'2020-03-12',4,NULL,NULL,1),(1103010126,'Haq Nawaz',1103010000,0.00,0.00,0.00,0.00,'2020-03-12',4,NULL,NULL,1),(1103010127,'Haris Mansoor',1103010000,0.00,0.00,0.00,0.00,'2020-03-12',4,NULL,NULL,1),(1103010128,'Hashim Changwani S/o Rab Nawaz Changwani',1103010000,0.00,0.00,0.00,0.00,'2020-03-12',4,NULL,NULL,1),(1103010129,'Hassan Sattar',1103010000,0.00,0.00,0.00,0.00,'2020-03-12',4,NULL,NULL,1),(1103010130,'Ibrahim S/Guard',1103010000,0.00,0.00,0.00,0.00,'2020-03-12',4,NULL,NULL,1),(1103010131,'Imran Saleem Gurmani',1103010000,0.00,0.00,0.00,0.00,'2020-03-12',4,NULL,NULL,1),(1103010132,'Bahadur',1103010000,0.00,0.00,0.00,0.00,'2020-03-12',4,NULL,NULL,1),(1103010133,'Mirza Qamar / Contractor',1103010000,0.00,0.00,0.00,0.00,'2020-03-13',4,NULL,NULL,1),(1103010134,'Mirza Asmat City Centre Jampur',1103010000,1500000.00,0.00,0.00,0.00,'2020-03-01',4,NULL,NULL,1),(1103010135,'Yaqoob Sb / Contractor',1103010000,0.00,0.00,0.00,0.00,'2020-03-13',4,NULL,NULL,1),(1103010136,'Kothi Expenses',1103010000,0.00,0.00,0.00,0.00,'2020-03-13',4,NULL,NULL,1),(1103010137,'Muhammad Kazim Sohail',1103010000,0.00,0.00,0.00,0.00,'2020-03-13',4,NULL,NULL,1),(1103010138,'Light Pols',1103010000,0.00,0.00,0.00,0.00,'2020-03-13',4,NULL,NULL,1),(1103010139,'Freight',1103010000,0.00,0.00,0.00,0.00,'2020-03-13',4,NULL,NULL,1),(1103010140,'Purchase Iron',1103010000,0.00,0.00,0.00,0.00,'2020-03-13',4,NULL,NULL,1),(1103010141,'Mohsin Hayyat S/o  Muhammad Sufiyan',1103010000,0.00,0.00,0.00,0.00,'2020-03-13',4,NULL,NULL,1),(1103010142,'Raees Ghouri',1103010000,0.00,0.00,0.00,0.00,'2020-03-13',4,NULL,NULL,1),(1103010143,'Iqbal Bhai',1103010000,0.00,0.00,0.00,0.00,'2020-03-14',4,NULL,NULL,1),(1103010144,'Irfan Bhai',1103010000,0.00,0.00,0.00,0.00,'2020-03-14',4,NULL,NULL,1),(1103010145,'Ishrat Jahan',1103010000,0.00,0.00,0.00,0.00,'2020-03-14',4,NULL,NULL,1),(1103010146,'Ismail Munchi',1103010000,0.00,0.00,0.00,0.00,'2020-03-14',4,NULL,NULL,1),(1103010147,'Jafar Bhai',1103010000,0.00,0.00,0.00,0.00,'2020-03-14',4,NULL,NULL,1),(1103010148,'Jamshed Abbas',1103010000,0.00,0.00,0.00,0.00,'2020-03-14',4,NULL,NULL,1),(1103010149,'Jan Muhammad',1103010000,0.00,0.00,0.00,0.00,'2020-03-14',4,NULL,NULL,1),(1103010150,'Javed Jaskani',1103010000,0.00,0.00,0.00,0.00,'2020-03-14',4,NULL,NULL,1),(1103010151,'Javed Korai Broker',1103010000,0.00,0.00,0.00,0.00,'2020-03-14',4,NULL,NULL,1),(1103010152,'Jawad Lashari',1103010000,0.00,0.00,0.00,0.00,'2020-03-14',4,NULL,NULL,1),(1103010153,'Juma Khan',1103010000,0.00,0.00,0.00,0.00,'2020-03-14',4,NULL,NULL,1),(1103010154,'Kamran Javed',1103010000,0.00,0.00,0.00,0.00,'2020-03-14',4,NULL,NULL,1),(1103010155,'Khalid Bhai',1103010000,0.00,0.00,0.00,0.00,'2020-03-14',4,NULL,NULL,1),(1103010156,'Khalifa Jahanzaib Khan',1103010000,0.00,0.00,0.00,0.00,'2020-03-14',4,NULL,NULL,1),(1103010157,'Khawaja Faran',1103010000,0.00,0.00,0.00,0.00,'2020-03-14',4,NULL,NULL,1),(1103010158,'Khawaja Yasir Ghafoor',1103010000,0.00,0.00,0.00,0.00,'2020-03-14',4,NULL,NULL,1),(1103010159,'Latif Sipal Broker',1103010000,0.00,0.00,0.00,0.00,'2020-03-14',4,NULL,NULL,1),(1103010160,'M Boota & Co',1103010000,0.00,0.00,0.00,0.00,'2020-03-14',4,NULL,NULL,1),(1103010161,'M Sikandar Stone',1103010000,0.00,0.00,0.00,0.00,'2020-03-14',4,NULL,NULL,1),(1103010162,'Mahar Advocate',1103010000,0.00,0.00,0.00,0.00,'2020-03-14',4,NULL,NULL,1),(1103010163,'Shabbir / Makhan Bhai',1103010000,0.00,0.00,0.00,0.00,'2020-03-14',4,NULL,NULL,1),(1103010164,'Malik Fayyaz',1103010000,0.00,0.00,0.00,0.00,'2020-03-14',4,NULL,NULL,1),(1103010165,'Malik Sadiq Hussain Babar',1103010000,0.00,0.00,0.00,0.00,'2020-03-14',4,NULL,NULL,1),(1103010166,'Malik Suleman Jarh City Centre Jampur',1103010000,500000.00,0.00,0.00,0.00,'2020-03-01',4,NULL,NULL,1),(1103010167,'Mama Sattar',1103010000,0.00,0.00,0.00,0.00,'2020-03-14',4,NULL,NULL,1),(1103010168,'Mamu Khalid',1103010000,0.00,0.00,0.00,0.00,'2020-03-14',4,NULL,NULL,1),(1103010169,'Chacha Manzoor',1103010000,0.00,0.00,0.00,0.00,'2020-03-14',4,NULL,NULL,1),(1103010170,'Marium Bibi',1103010000,0.00,0.00,0.00,0.00,'2020-03-14',4,NULL,NULL,1),(1103010171,'MD Sb Late',1103010000,0.00,0.00,0.00,0.00,'2020-03-14',4,NULL,NULL,1),(1103010172,'Mehboob Aziz',1103010000,0.00,0.00,0.00,0.00,'2020-03-14',4,NULL,NULL,1),(1103010173,'Mehmood Ahmad Chudary',1103010000,0.00,0.00,0.00,0.00,'2020-03-14',4,NULL,NULL,1),(1103010174,'Meva Khan',1103010000,0.00,0.00,0.00,0.00,'2020-03-14',4,NULL,NULL,1),(1103010175,'Mian Abdul Karim / Driver',1103010000,0.00,0.00,0.00,0.00,'2020-03-14',4,NULL,NULL,1),(1103010176,'Mian Khurrum / Shamma Bhai',1103010000,0.00,0.00,0.00,0.00,'2020-03-14',4,NULL,NULL,1),(1103010177,'Mirza Afzal Bhai',1103010000,0.00,0.00,0.00,0.00,'2020-03-14',4,NULL,NULL,1),(1103010178,'Mirza Iqbal',1103010000,0.00,0.00,0.00,0.00,'2020-03-14',4,NULL,NULL,1),(1103010179,'Mirza Nasir Iqbal City Centre Jampur',1103010000,0.00,397200.00,0.00,0.00,'2020-03-01',4,NULL,NULL,1),(1103010180,'Mirza Waqas Ahmad',1103010000,0.00,0.00,0.00,0.00,'2020-03-14',4,NULL,NULL,1),(1103010181,'Mohsin Brothers',1103010000,0.00,0.00,0.00,0.00,'2020-03-14',4,NULL,NULL,1),(1103010182,'Mohsin Raza',1103010000,0.00,0.00,0.00,0.00,'2020-03-14',4,NULL,NULL,1),(1103010183,'Momal Bibi',1103010000,0.00,0.00,0.00,0.00,'2020-03-14',4,NULL,NULL,1),(1103010184,'Mrs. Iqbal Bhai',1103010000,0.00,0.00,0.00,0.00,'2020-03-14',4,NULL,NULL,1),(1103010185,'Mrs. Nasreen Akhtar',1103010000,0.00,0.00,0.00,0.00,'2020-03-14',4,NULL,NULL,1),(1103010186,'Mrs. Naveed ',1103010000,0.00,0.00,0.00,0.00,'2020-03-14',4,NULL,NULL,1),(1103010187,'Mrs. Saad',1103010000,0.00,0.00,0.00,0.00,'2020-03-14',4,NULL,NULL,1),(1103010188,'Mrs. Usman',1103010000,0.00,0.00,0.00,0.00,'2020-03-14',4,NULL,NULL,1),(1103010189,'Nayyer Rani w/o Muhammad Mukhtiar',1103010000,0.00,0.00,0.00,0.00,'2020-03-14',4,NULL,NULL,1),(1103010190,'Mubashir Bhai',1103010000,0.00,0.00,0.00,0.00,'2020-03-14',4,NULL,NULL,1),(1103010191,'Mubashir Shah Office',1103010000,0.00,0.00,0.00,0.00,'2020-03-14',4,NULL,NULL,1),(1103010192,'Muhammad Aalyaan',1103010000,0.00,0.00,0.00,0.00,'2020-03-14',4,NULL,NULL,1),(1103010193,'Muhammad Ali',1103010000,0.00,0.00,0.00,0.00,'2020-03-14',4,NULL,NULL,1),(1103010194,'Muhammad Ajmal Khan',1103010000,0.00,0.00,0.00,0.00,'2020-03-14',4,NULL,NULL,1),(1103010195,'Shahzad Jaskani',1103010000,0.00,0.00,0.00,0.00,'2020-03-16',4,NULL,NULL,1),(1103010196,'Muhammad Farooq s/o Mirza Khan',1103010000,0.00,0.00,0.00,0.00,'2020-03-16',4,NULL,NULL,1),(1103010197,'Qaisar Abbas',1103010000,0.00,0.00,0.00,0.00,'2020-03-16',4,NULL,NULL,1),(1103010198,'Fayyaz Afzal',1103010000,0.00,0.00,0.00,0.00,'2020-03-16',4,NULL,NULL,1),(1103010199,'Rabia Nosheen',1103010000,0.00,0.00,0.00,0.00,'2020-03-16',4,NULL,NULL,1),(1103010200,'Rehmat Ullah S/o Haji Ghulam Raza',1103010000,0.00,0.00,0.00,0.00,'2020-03-16',4,NULL,NULL,1),(1103010201,'Shahzad Sattar',1103010000,0.00,0.00,0.00,0.00,'2020-03-16',4,NULL,NULL,1),(1103010202,'Sayyed Mussawir / BMAX',1103010000,0.00,0.00,0.00,0.00,'2020-03-16',4,NULL,NULL,1),(1103010203,'Aman Ullah Wapda',1103010000,0.00,0.00,0.00,0.00,'2020-03-17',4,NULL,NULL,1),(1103010204,'Audit Expenses',1103010000,0.00,0.00,0.00,0.00,'2020-03-17',4,NULL,NULL,1),(1103010205,'Muhammad Javed Iqbal S/o Manzoor Hussain',1103010000,0.00,0.00,0.00,0.00,'2020-03-17',4,NULL,NULL,1),(1103010206,'Munir Ahmad Munchi',1103010000,0.00,0.00,0.00,0.00,'2020-03-17',4,NULL,NULL,1),(1103010207,'Muhammad Ashraf Pathan',1103010000,0.00,0.00,0.00,0.00,'2020-03-17',4,NULL,NULL,1),(1103010208,'Abid Ali S/o Haq Dad',1103010000,0.00,0.00,0.00,0.00,'2020-03-17',4,NULL,NULL,1),(1103010209,'Muhammad Ejaz S/o Hafiz Atta Muhammad',1103010000,0.00,0.00,0.00,0.00,'2020-03-17',4,NULL,NULL,1),(1103010210,'Land Sale',1103010000,0.00,0.00,0.00,0.00,'2020-03-17',4,NULL,NULL,1),(1103010211,'Land Purcahse',1103010000,0.00,0.00,0.00,0.00,'2020-03-17',4,NULL,NULL,1),(1103010212,'Zeshan javed',1103010000,0.00,0.00,0.00,0.00,'2020-03-17',4,NULL,NULL,1),(1103010213,'Musarat Shaheen',1103010000,0.00,0.00,0.00,0.00,'2020-03-17',4,NULL,NULL,1),(1103010214,'Shaista Majeed',1103010000,0.00,0.00,0.00,0.00,'2020-03-17',4,NULL,NULL,1),(1103010215,'Shabnam Tanveer',1103010000,0.00,0.00,0.00,0.00,'2020-03-17',4,NULL,NULL,1),(1103010216,'Muhammad Parveez Iqbal',1103010000,0.00,0.00,0.00,0.00,'2020-03-17',4,NULL,NULL,1),(1103010217,'Sardar Ahmad Ali Khan City Centre Jampur',1103010000,5000000.00,0.00,0.00,0.00,'2020-03-01',4,NULL,NULL,1),(1103010218,'Saifullah S/o Hafiz Nabi Bakhsh',1103010000,0.00,0.00,0.00,0.00,'2020-03-17',4,NULL,NULL,1),(1103010219,'Umar Farooq Usmania Village Plot#31',1103010000,0.00,0.00,0.00,0.00,'2020-03-17',4,NULL,NULL,1),(1103010220,'Naeem Ullah S/o Muhammad Iqbal',1103010000,0.00,0.00,0.00,0.00,'2020-03-18',4,NULL,NULL,1),(1103010221,'Shah Nawaz S/o Ghulam Farid',1103010000,0.00,0.00,0.00,0.00,'2020-03-18',4,NULL,NULL,1),(1103010222,'Waleed Printing High Sign',1103010000,0.00,0.00,0.00,0.00,'2020-03-18',4,NULL,NULL,1),(1103010223,'Zahid Sb Personal',1103010000,0.00,0.00,0.00,0.00,'2020-03-18',4,NULL,NULL,1),(1103010224,'Fuel Expenses',1103010000,0.00,0.00,0.00,0.00,'2020-03-18',4,NULL,NULL,1),(1103010225,'Stationery Expenspes',1103010000,0.00,0.00,0.00,0.00,'2020-03-18',4,NULL,NULL,1),(1103010226,'Moazzam (Qafila Nizami Travels Agency)',1103010000,0.00,0.00,0.00,0.00,'2020-03-19',4,NULL,NULL,1),(1103010227,'Muhammad Asif Hajana',1103010000,0.00,0.00,0.00,0.00,'2020-03-19',4,NULL,NULL,1),(1103010228,'Elahi Bakhsh S/o Atta Muhammad (Broker)',1103010000,0.00,0.00,0.00,0.00,'2020-03-19',4,NULL,NULL,1),(1103010229,'Muhammad Nawaz',1103010000,0.00,0.00,0.00,0.00,'2020-03-19',4,NULL,NULL,1),(1103010230,'Usman Bhatty Wala',1103010000,0.00,0.00,0.00,0.00,'2020-03-19',4,NULL,NULL,1),(1103010231,'Shahid Farooq Nizami / Architect Lahore',1103010000,0.00,0.00,0.00,0.00,'2020-03-19',4,NULL,NULL,1),(1103010232,'Sarfaraz Rehmani',1103010000,0.00,0.00,0.00,0.00,'2020-03-19',4,NULL,NULL,1),(1103010233,'Muhammad Ahmad Farhan S/o Muhammad Akram Khan',1103010000,0.00,0.00,0.00,0.00,'2020-03-19',4,NULL,NULL,1),(1103010234,'Muhammad Hashim S/o Ghulam Sarwar',1103010000,0.00,0.00,0.00,0.00,'2020-03-19',4,NULL,NULL,1),(1103010235,'Muhammad Imran Akram S/o Muhammad Akram',1103010000,0.00,0.00,0.00,0.00,'2020-03-19',4,NULL,NULL,1),(1103010236,'Registry Expenses',1103010000,0.00,0.00,0.00,0.00,'2020-03-19',4,NULL,NULL,1),(1103010237,'Purchased Asset',1103010000,0.00,0.00,0.00,0.00,'2020-03-19',4,NULL,NULL,1),(1103010238,'Misc',1103010000,0.00,0.00,0.00,0.00,'2020-03-19',4,NULL,NULL,1),(1103010239,'Purchase Cement',1103010000,0.00,0.00,0.00,0.00,'2020-03-20',4,NULL,NULL,1),(1103010240,'Farhat Rafiq',1103010000,0.00,0.00,0.00,0.00,'2020-03-20',4,NULL,NULL,1),(1103010241,'Muhammad Munir S/o Hafiz Muhammad Hussain',1103010000,0.00,0.00,0.00,0.00,'2020-03-20',4,NULL,NULL,1),(1103010242,'Muhammad Iftikhar Hussain Gurmani / Farhana Iftikhar',1103010000,0.00,0.00,0.00,0.00,'2020-03-21',4,NULL,NULL,1),(1103010243,'Faisal Mureed City Centre Jampur',1103010000,5350000.00,0.00,0.00,0.00,'2020-03-01',4,NULL,NULL,1),(1103010244,'Jind Wada City Centre Jampur',1103010000,1000000.00,0.00,0.00,0.00,'2020-03-01',4,NULL,NULL,1),(1103010245,'Mohsin Jamal s/o Muhammad Jamal City Centre Jampur',1103010000,3850000.00,0.00,0.00,0.00,'2020-03-01',4,NULL,NULL,1),(1103010246,'Muhammad Tayyab S/o Abdul Rasheed Khan City Centre Jampur',1103010000,3650000.00,0.00,0.00,0.00,'2020-03-01',4,NULL,NULL,1),(1103010247,'Saeed Ahmad Bodla City Centre Jampur',1103010000,0.00,13000000.00,0.00,0.00,'2020-03-01',4,NULL,NULL,1),(1103010248,'Saleem Bughlani City Centre Jampur',1103010000,0.00,330000.00,0.00,0.00,'2020-03-01',4,NULL,NULL,1),(1103010249,'Saleem Bughlani Green City Shah Saddar Din',1103010000,0.00,1350000.00,0.00,0.00,'2020-03-01',4,NULL,NULL,1),(1103010250,'Saleem Bughlani City Garden D.G.Khan',1103010000,0.00,2575000.00,0.00,0.00,'2020-03-21',4,NULL,NULL,1),(1103010251,'Mirza Asmat / Commission',1103010000,0.00,1885000.00,0.00,0.00,'2020-03-01',4,NULL,NULL,1),(1103010252,'City Centre Expenses',1103010000,0.00,6693000.00,0.00,0.00,'2020-03-01',4,NULL,NULL,1),(1103010253,'City Garden Expenses',1103010000,0.00,935800.00,0.00,0.00,'2020-03-01',4,NULL,NULL,1),(1103010254,'Sardar Ahmad Ali Khan Anari Orchard',1103010000,4500000.00,0.00,0.00,0.00,'2020-03-01',4,NULL,NULL,1),(1103010255,'Akhtar Bhai Anari Orchard',1103010000,0.00,2000000.00,0.00,0.00,'2020-03-01',4,NULL,NULL,1),(1103010256,'Dr. Abdul Rehman Anari Orchard',1103010000,0.00,900000.00,0.00,0.00,'2020-03-01',4,NULL,NULL,1),(1103010257,'Fee FDMA Anari Orchard',1103010000,0.00,5000.00,0.00,0.00,'2020-03-01',4,NULL,NULL,1),(1103010258,'Purchase Land Anari Orchard',1103010000,0.00,2200000.00,0.00,0.00,'2020-03-01',4,NULL,NULL,1),(1103010259,'Advertisement Anari Orchard',1103010000,0.00,62000.00,0.00,0.00,'2020-03-21',4,NULL,NULL,1),(1103010260,'Ghulam Sarwar s/o Azeem Khan City Centre Jampur',1103010000,2300000.00,0.00,0.00,0.00,'2020-03-01',4,NULL,NULL,1),(1103010261,'Rab Nawaz Dhole City Centre Jampur',1103010000,3000000.00,0.00,0.00,0.00,'2020-03-01',4,NULL,NULL,1),(1103010262,'Faisal Khan Changwani City Centre Jampur',1103010000,0.00,2000000.00,0.00,0.00,'2020-03-01',4,NULL,NULL,1),(1103010263,'City Centre Jampur Expenses',1103010000,0.00,6693000.00,0.00,0.00,'2020-03-01',4,NULL,NULL,1),(1103010264,'Muhammad Yousaf/The Planners Multan City Centre Jampur',1103010000,0.00,100000.00,0.00,0.00,'2020-03-01',4,NULL,NULL,1),(1103010265,'Wasika Expenses City Centre Jampur',1103010000,0.00,100000.00,0.00,0.00,'2020-03-01',4,NULL,NULL,1),(1103010266,'Zafar Bhai / Zafar & Co',1103010000,0.00,0.00,0.00,0.00,'2020-04-06',4,NULL,NULL,1),(1103010267,'Muhammad Arshad Hajana',1103010000,0.00,0.00,0.00,0.00,'2020-04-06',4,NULL,NULL,1),(1103010268,'Sultan Mehmood - Usmania Village',1103010000,0.00,0.00,0.00,0.00,'2020-04-06',4,NULL,NULL,1),(1103010269,'Saif Ullah - Usmania Village',1103010000,0.00,0.00,0.00,0.00,'2020-04-06',4,NULL,NULL,1),(1103010270,'Khaliq Bilal',1103010000,0.00,0.00,0.00,0.00,'2020-04-06',4,NULL,NULL,1),(1103020000,'Dastti',1103000000,0.00,0.00,0.00,0.00,'2020-03-12',3,NULL,NULL,1),(1104000000,'Cash & Bank Control Account',1100000000,0.00,0.00,0.00,0.00,'2017-11-13',2,17419745.54,0.00,1),(1104010000,'Cash & Banks Balances',1104000000,0.00,0.00,0.00,0.00,'2017-11-13',3,17419745.54,0.00,1),(1104010001,'Cash in Hand',1104010000,0.00,0.00,0.00,0.00,'2020-02-09',4,NULL,NULL,1),(1104010002,'Bank Alfalah Islamic Muhammad Zahid',1104010000,0.00,0.00,0.00,0.00,'2020-03-01',4,NULL,NULL,1),(1104010003,'Askari Bank Limited Muhammad Zahid',1104010000,0.00,0.00,0.00,0.00,'2020-03-01',4,NULL,NULL,1),(1104010004,'HBL Usmania & Sons',1104010000,0.00,0.00,0.00,0.00,'2020-03-01',4,NULL,NULL,1),(1104010005,'BOP Taqwa Muhammad Zahid',1104010000,0.00,0.00,0.00,0.00,'2020-03-02',4,NULL,NULL,1),(1104010006,'Dubai Islamic Bank M/S Usmania & Sons',1104010000,0.00,0.00,0.00,0.00,'2020-03-02',4,NULL,NULL,1),(1104010007,'MIB Islamic Bank Usmania & Sons',1104010000,0.00,0.00,0.00,0.00,'2020-03-02',4,NULL,NULL,1),(1104010008,'Silk Bank Usmania & Sons',1104010000,0.00,0.00,0.00,0.00,'2020-03-02',4,NULL,NULL,1),(1104010009,'Soneri Bank Muhammad Zahid',1104010000,0.00,0.00,0.00,0.00,'2020-03-02',4,NULL,NULL,1),(1104010010,'UBL Muhammad Zahid',1104010000,0.00,0.00,0.00,0.00,'2020-03-02',4,NULL,NULL,1),(1104010011,'Faysal Bank Barkat Islamic Bank',1104010000,0.00,0.00,0.00,0.00,'2020-03-18',4,NULL,NULL,1),(1104010012,'Al Baraka Bank',1104010000,0.00,0.00,0.00,0.00,'2020-03-20',4,NULL,NULL,1),(1105000000,'Advance and Other Receivables',1100000000,0.00,0.00,0.00,0.00,'2018-01-04',2,732345217.18,0.00,1),(1105010000,'Advance and Deposit',1105000000,0.00,0.00,0.00,0.00,'2018-01-04',3,125213308.00,0.00,1),(1106000000,'Other Debtor\'s',1100000000,0.00,0.00,0.00,0.00,'2020-03-05',2,NULL,NULL,1),(1107000000,'Usmania Village Expenses',1100000000,0.00,0.00,0.00,0.00,'2020-03-12',2,NULL,NULL,1),(1200000000,'Capital & Equity Account',NULL,0.00,0.00,0.00,0.00,'2017-11-13',1,-382500000.00,0.00,1),(1201000000,'Capital & Reserves',1200000000,0.00,0.00,0.00,0.00,'2017-11-13',2,-382500000.00,0.00,1),(1201010000,'Paid-up Capital Account',1201000000,0.00,0.00,0.00,0.00,'2017-11-13',3,0.00,0.00,1),(1201010001,'OWNER CAPITAL',1201010000,0.00,0.00,0.00,0.00,'2018-07-10',4,NULL,NULL,1),(1300000000,'LONG TERM LAIBILITY CONTROL ACCOUNT',NULL,0.00,0.00,0.00,0.00,'2018-07-11',1,0.00,0.00,1),(1301000000,'Long Term Loan - Control Account',1300000000,0.00,0.00,0.00,0.00,'2018-07-11',2,NULL,NULL,1),(1301010000,'Long Term Loan from Financial Institutions',1301000000,0.00,0.00,0.00,0.00,'2018-07-11',3,NULL,NULL,1),(1400000000,'Current Liability - Control Account',NULL,0.00,0.00,0.00,0.00,'2017-11-16',1,284184551.00,0.00,1),(1401000000,'Trade and Other Payable',1400000000,0.00,0.00,0.00,0.00,'2017-11-16',2,3348.00,0.00,1),(1401010000,'Trade Creditors ',1401000000,0.00,0.00,0.00,0.00,'2017-11-16',3,-454500.00,0.00,1),(1403000000,'Others Payable Control Account',1400000000,0.00,0.00,0.00,0.00,'2018-01-13',2,284181203.00,0.00,1),(1403010000,'Other Payable Account',1403000000,0.00,0.00,0.00,0.00,'2018-07-11',3,NULL,NULL,1),(1500000000,'SALES - CONTROL ACCOUNT',NULL,0.00,0.00,0.00,0.00,'2018-07-18',1,0.00,0.00,1),(1501000000,'SALES - PROJECT CONTROL ACCOUNT',1500000000,0.00,0.00,0.00,0.00,'2018-07-11',2,NULL,NULL,1),(1501010000,'SALES - CATEGORY WISE ',1501000000,0.00,0.00,0.00,0.00,'2018-07-11',3,NULL,NULL,1),(1600000000,'COST OF PROJECT - CONTROL ACCOUNT',NULL,0.00,0.00,0.00,0.00,'2018-01-13',1,0.00,0.00,1),(1601000000,'COST OF PROJECT  - MAIN ACCOUNT',1600000000,0.00,0.00,0.00,0.00,'2018-01-13',2,0.00,0.00,1),(1601010000,'COST OF PROJECT - TOTAL',1601000000,0.00,0.00,0.00,0.00,'2018-01-13',3,0.00,0.00,1),(1700000000,'Other Income Control Account',NULL,0.00,0.00,0.00,0.00,'2017-12-31',1,0.00,0.00,1),(1701000000,'Other Income Sub Control Account',1700000000,0.00,0.00,0.00,0.00,'2018-06-07',2,NULL,NULL,1),(1701010000,'Other Income Sub Sub Control Account',1701000000,0.00,0.00,0.00,0.00,'2018-06-07',3,NULL,NULL,1),(1800000000,'Expenses Control Account',NULL,0.00,0.00,0.00,0.00,'2017-12-31',1,34861179.49,0.00,1),(1801000000,'Admin & Selling Expenses - Control Account',1800000000,0.00,0.00,0.00,0.00,'2017-12-31',2,34861179.49,0.00,1),(1801010000,'Admin & Selling Expenses - Head',1801000000,0.00,0.00,0.00,0.00,'2017-12-31',3,34398649.49,0.00,1),(1801010001,'Company Expense',1801010000,0.00,0.00,0.00,0.00,'2020-02-09',4,NULL,NULL,1),(1801010002,'Other Expense',1801010000,0.00,0.00,0.00,0.00,'2020-02-09',4,NULL,NULL,1),(1801010003,'salary expenses',1801010000,0.00,0.00,0.00,0.00,'2020-03-06',4,NULL,NULL,1),(1801010004,'office expenses',1801010000,0.00,0.00,0.00,0.00,'2020-03-06',4,NULL,NULL,1),(1801010005,'Labour Expenses',1801010000,0.00,0.00,0.00,0.00,'2020-03-06',4,NULL,NULL,1),(1801010006,'Painting Expenses',1801010000,0.00,0.00,0.00,0.00,'2020-03-06',4,NULL,NULL,1),(1801010007,'Construction Expenses',1801010000,0.00,0.00,0.00,0.00,'2020-03-06',4,NULL,NULL,1),(1801010008,'POL Expenses',1801010000,0.00,0.00,0.00,0.00,'2020-03-06',4,NULL,NULL,1),(1801010009,'Petty Expenses',1801010000,0.00,0.00,0.00,0.00,'2020-03-06',4,NULL,NULL,1),(1801010010,'Electricity & Gas Expenses',1801010000,0.00,0.00,0.00,0.00,'2020-03-06',4,NULL,NULL,1),(1801010011,'Telephone & Mobile Expenses',1801010000,0.00,0.00,0.00,0.00,'2020-03-06',4,NULL,NULL,1),(1801010012,'Stationery Expenspes',1801010000,0.00,0.00,0.00,0.00,'2020-03-06',4,NULL,NULL,1),(1801010013,'Commission Paid',1801010000,0.00,0.00,0.00,0.00,'2020-03-06',4,NULL,NULL,1),(1801010014,'Plot Sales Account',1801010000,0.00,0.00,0.00,0.00,'2020-03-10',4,NULL,NULL,1);

/*Table structure for table `account_bank` */

DROP TABLE IF EXISTS `account_bank`;

CREATE TABLE `account_bank` (
  `detail_id` int(9) NOT NULL AUTO_INCREMENT,
  `account_code` int(10) NOT NULL,
  `bank_account` text,
  `bank_branch` varchar(60) DEFAULT NULL,
  `branch_code` varchar(10) DEFAULT NULL,
  `bank_contact_person` varchar(26) DEFAULT NULL,
  `bank_ntn` varchar(14) DEFAULT NULL,
  `mobile_number` varchar(14) DEFAULT NULL,
  `bank_landline` varchar(18) DEFAULT NULL,
  `email_address` varchar(36) DEFAULT NULL,
  `scan_form` varchar(7) DEFAULT NULL,
  `opening_date` date NOT NULL,
  `url` varchar(35) DEFAULT NULL,
  PRIMARY KEY (`detail_id`),
  KEY `account` (`account_code`),
  CONSTRAINT `account_bank_ibfk_1` FOREIGN KEY (`account_code`) REFERENCES `account` (`account_code`) ON DELETE CASCADE ON UPDATE CASCADE
) ENGINE=InnoDB AUTO_INCREMENT=17 DEFAULT CHARSET=latin1;

/*Data for the table `account_bank` */

insert  into `account_bank`(`detail_id`,`account_code`,`bank_account`,`bank_branch`,`branch_code`,`bank_contact_person`,`bank_ntn`,`mobile_number`,`bank_landline`,`email_address`,`scan_form`,`opening_date`,`url`) values (4,1104010001,'','','','','','','','','','2020-02-09',''),(5,1104010002,'5614005000536676','Dera Ghazi Khan','','','','','','','','2020-03-01',''),(6,1104010003,'0001610100002620','','','','','','','','','2020-03-01',''),(7,1104010004,'0024197000076903','','','','','','','','','2020-03-01',''),(8,1104010005,'5010151484600018','','','','','','','','','2020-03-02',''),(9,1104010006,'0000000468078001','','','','','','','','','2020-03-02',''),(10,1104010007,'3174355000000277','','','','','','','','','2020-03-02',''),(12,1104010008,'0000352006747739','Dera Ghazi Khan','','','','','','','','2020-03-02',''),(13,1104010009,'0017520005136254','Dera Ghazi Khan','','','','','','','','2020-03-02',''),(14,1104010010,'0112023301120200','Dera Ghazi Khan','','','','','','','','2020-03-02',''),(15,1104010011,'PK94FAYS3174355000000277','','','','','','','','','2020-03-18',''),(16,1104010012,'','','','','','','','','','2020-03-20','');

/*Table structure for table `account_centre` */

DROP TABLE IF EXISTS `account_centre`;

CREATE TABLE `account_centre` (
  `centre_code` bigint(14) NOT NULL,
  `title` varchar(56) DEFAULT NULL,
  `account_code` int(10) NOT NULL,
  `opening_date` date DEFAULT NULL,
  `isActive` tinyint(1) NOT NULL DEFAULT '1',
  PRIMARY KEY (`centre_code`),
  KEY `account_centre_ibfk_1` (`account_code`),
  CONSTRAINT `account_centre_ibfk_1` FOREIGN KEY (`account_code`) REFERENCES `account` (`account_code`) ON DELETE CASCADE ON UPDATE CASCADE
) ENGINE=InnoDB DEFAULT CHARSET=latin1;

/*Data for the table `account_centre` */

/*Table structure for table `account_customer` */

DROP TABLE IF EXISTS `account_customer`;

CREATE TABLE `account_customer` (
  `customer_id` int(11) NOT NULL AUTO_INCREMENT,
  `address` text,
  `email_address` varchar(30) DEFAULT NULL,
  `mobile` varchar(15) DEFAULT NULL,
  `cnic` varchar(15) NOT NULL,
  `landline` varchar(15) DEFAULT NULL,
  `saletax_number` varchar(15) DEFAULT NULL,
  `tax_status` varchar(9) DEFAULT NULL,
  `account_code` int(10) NOT NULL,
  `ntn` varchar(15) DEFAULT NULL,
  PRIMARY KEY (`customer_id`),
  KEY `account_number` (`account_code`),
  CONSTRAINT `account_customer_ibfk_1` FOREIGN KEY (`account_code`) REFERENCES `account` (`account_code`)
) ENGINE=InnoDB AUTO_INCREMENT=273 DEFAULT CHARSET=latin1;

/*Data for the table `account_customer` */

insert  into `account_customer`(`customer_id`,`address`,`email_address`,`mobile`,`cnic`,`landline`,`saletax_number`,`tax_status`,`account_code`,`ntn`) values (2,'D.G.KHAN','','','','','','FILER',1103010001,''),(3,'','','','','','','FILER',1103010002,''),(4,'','','','','','','FILER',1103010003,''),(5,'','','','','','','FILER',1103010004,''),(6,'','','','','','','FILER',1103010005,''),(7,'','','','','','','FILER',1103010006,''),(8,'Usmania Village','','0333-7077560','','','','FILER',1103010007,''),(9,'','','','','','','FILER',1103010008,''),(10,'','','','','','','FILER',1103010009,''),(11,'','','','','','','FILER',1103010010,''),(12,'','','','','','','FILER',1103010011,''),(13,'','','','','','','FILER',1103010012,''),(14,'','','','','','','FILER',1103010013,''),(15,'','','','','','','FILER',1103010014,''),(16,'','','','','','','FILER',1103010015,''),(17,'Layyah','','0300-6785122','','','','FILER',1103010016,''),(18,'Batala Company Lahore','','0331-4199242','','','','FILER',1103010017,''),(19,'','','','','','','FILER',1103010018,''),(20,'','','','','','','FILER',1103010019,''),(21,'','','','','','','FILER',1103010020,''),(22,'Office','','0335-9384438','','','','FILER',1103010021,''),(23,'','','','','','','FILER',1103010022,''),(25,'','','','','','','FILER',1103010024,''),(28,'','','','','','','FILER',1103010027,''),(29,'','','','','','','FILER',1103010028,''),(30,'','','','','','','FILER',1103010029,''),(31,'','','','','','','FILER',1103010030,''),(32,'','','','','','','FILER',1103010031,''),(33,'','','','','','','FILER',1103010032,''),(34,'','','','','','','FILER',1103010033,''),(35,'','','','','','','FILER',1103010034,''),(36,'D.G.Khan','','0331-7319181','','','','FILER',1103010035,''),(37,'','','','','','','FILER',1103010036,''),(38,'','','','','','','FILER',1103010037,''),(39,'','','','','','','FILER',1103010038,''),(40,'Five Star Electric Store D.G.Khan','','','','','','FILER',1103010039,''),(41,'','','','','','','FILER',1103010040,''),(42,'D.G.Khan','','','','','','FILER',1103010041,''),(43,'','','','','','','FILER',1103010042,''),(44,'','','','','','','FILER',1103010043,''),(45,'','','','','','','FILER',1103010044,''),(46,'','','','','','','FILER',1103010045,''),(47,'','','','','','','FILER',1103010046,''),(48,'D.G.Khan','','','','','','FILER',1103010047,''),(50,'','','','','','','FILER',1103010049,''),(51,'Kot Addu','','0333-6003645','','','','FILER',1103010050,''),(52,'Al Habib Cooking D.G.Khan','','','','','','FILER',1103010051,''),(53,'Watch Man Kothi','','','','','','FILER',1103010052,''),(54,'','','','','','','FILER',1103010053,''),(55,'D.G.Khan','','','','','','FILER',1103010054,''),(56,'','','','','','','FILER',1103010055,''),(57,'','','','','','','FILER',1103010056,''),(58,'Lahore','','','','','','FILER',1103010057,''),(59,'D.G.Khan','','','','','','FILER',1103010058,''),(60,'Kernal Autos D.G.Khan','','','','','','FILER',1103010059,''),(61,'','','','','','','FILER',1103010060,''),(62,'','','','','','','FILER',1103010061,''),(63,'D.G.Khan','','','','','','FILER',1103010062,''),(64,'Agha Security D.G.Khan','','','','','','FILER',1103010063,''),(65,'Zahid Sb Friend Islamabad','','','','','','FILER',1103010064,''),(66,'Land purchase D.G.Khan','','','','','','FILER',1103010065,''),(67,'Zafar & Company','','0334-8294382','','','','FILER',1103010066,''),(68,'D.G.Khan','','','','','','FILER',1103010067,''),(69,'','','','','','','FILER',1103010068,''),(70,'Gulberg','','','','','','FILER',1103010069,''),(71,'','','','','','','FILER',1103010070,''),(72,'','','0336-6787923','','','','FILER',1103010071,''),(73,'','','','','','','FILER',1103010072,''),(74,'D.G.Khan','','0331-7313434','','','','FILER',1103010073,''),(75,'Office','','0321-6796474','','','','FILER',1103010074,''),(76,'','','0303-7480667','','','','FILER',1103010075,''),(77,'D.G.Khan','','','','','','FILER',1103010076,''),(78,'D.G.Khan','','','','','','FILER',1103010077,''),(79,'Jalalpur Pir Wala','','0301-7737713','','','','FILER',1103010078,''),(80,'','','','','','','FILER',1103010079,''),(81,'','','','','','','FILER',1103010080,''),(82,'','','','','','','FILER',1103010081,''),(83,'D.G.Khan','','','','','','FILER',1103010082,''),(84,'Sarafa Bazar D.G.Khan','','','','','','FILER',1103010083,''),(85,'','','','','','','FILER',1103010084,''),(86,'Ghazi Ghatt','','0332-2143443','','','','FILER',1103010085,''),(87,'','','','','','','FILER',1103010086,''),(88,'','','','','','','FILER',1103010087,''),(89,'','','','','','','FILER',1103010088,''),(90,'Model Town D.G.Khan','','0314-6614011','','','','FILER',1103010089,''),(91,'D.G.Khan','','','','','','FILER',1103010090,''),(92,'','','','','','','FILER',1103010091,''),(93,'','','','','','','FILER',1103010092,''),(94,'D.G.Khan','','','','','','FILER',1103010093,''),(95,'','','','','','','FILER',1103010094,''),(96,'Sanawan','','','','','','FILER',1103010095,''),(97,'Ghazi Ghatt','','0332-0708436','','','','FILER',1103010096,''),(98,'Fort Munro','','','','','','FILER',1103010097,''),(99,'D.G.Khan','','0334-0141414','','','','FILER',1103010098,''),(100,'D.G.Khan','','','','','','FILER',1103010099,''),(101,'','','','','','','FILER',1103010100,''),(102,'','','','','','','FILER',1103010101,''),(103,'','','','','','','FILER',1103010102,''),(104,'Kot Addu','','','','','','FILER',1103010103,''),(105,'','','','','','','FILER',1103010104,''),(106,'D.G.Khan','','0332-4441555','','','','FILER',1103010105,''),(107,'','','','','','','FILER',1103010106,''),(108,'','','','','','','FILER',1103010107,''),(109,'','','','','','','FILER',1103010108,''),(110,'','','','','','','FILER',1103010109,''),(111,'','','','','','','FILER',1103010110,''),(112,'Purchase attached bambino factory land','','','','','','FILER',1103010111,''),(113,'','','','','','','FILER',1103010112,''),(114,'Sakhi Sarwar','','','','','','FILER',1103010113,''),(115,'','','','','','','FILER',1103010114,''),(116,'Sakhi Sarwar','','','','','','FILER',1103010115,''),(117,'','','','','','','FILER',1103010116,''),(118,'','','','','','','FILER',1103010117,''),(119,'D.G.Khan','','0333-5446008','','','','FILER',1103010118,''),(120,'','','','','','','FILER',1103010119,''),(121,'D.G.Khan','','','','','','FILER',1103010120,''),(122,'D.G.Khan','','','','','','FILER',1103010121,''),(123,'','','','','','','FILER',1103010122,''),(124,'D.G.Khan','','','','','','FILER',1103010123,''),(125,'','','','','','','FILER',1103010124,''),(126,'','','','','','','FILER',1103010125,''),(127,'','','','','','','FILER',1103010126,''),(128,'D.G.Khan','','','','','','FILER',1103010127,''),(129,'D.G.Khan','','0313-6619194','','','','FILER',1103010128,''),(130,'D.G.Khan','','0332-3655151','','','','FILER',1103010129,''),(131,'Sakhi Sarwar','','','','','','FILER',1103010130,''),(132,'','','','','','','FILER',1103010131,''),(133,'','','','','','','FILER',1103010132,''),(134,'D.G.Khan','','0331-7367416','','','','FILER',1103010133,''),(135,'D.G.Khan','','0331-7367416','','','','FILER',1103010134,''),(136,'D.G.Khan','','0333-6461647','','','','FILER',1103010135,''),(137,'D.G.Khan','','','','','','FILER',1103010136,''),(138,'D.G.Khan','','0331-7325186','','','','FILER',1103010137,''),(139,'','','','','','','FILER',1103010138,''),(140,'','','','','','','FILER',1103010139,''),(141,'','','','','','','FILER',1103010140,''),(142,'','','','','','','FILER',1103010141,''),(143,'D.G.Khan','','','','','','FILER',1103010142,''),(144,'Model Town D.G.Khan','','','','','','FILER',1103010143,''),(145,'D.G.Khan (For PEC)','','0333-8575657','','','','FILER',1103010144,''),(146,'','','','','','','FILER',1103010145,''),(147,'','','0300-6784953','','','','FILER',1103010146,''),(148,'Raza Autos D.G.Khan','','','','','','FILER',1103010147,''),(149,'Lohar Wala','','','','','','FILER',1103010148,''),(150,'Anari Orchard Land','','','','','','FILER',1103010149,''),(151,'D.G.Khan','','','','','','FILER',1103010150,''),(152,'D.G.Khan','','0332-6515429','','','','FILER',1103010151,''),(153,'','','','','','','FILER',1103010152,''),(154,'','','','','','','FILER',1103010153,''),(155,'','','','','','','FILER',1103010154,''),(156,'Block Q D.G.Khan','','','','','','FILER',1103010155,''),(157,'D.G.Khan','','','','','','FILER',1103010156,''),(158,'New Defence D.G.Khan','','0302-6786000','','','','FILER',1103010157,''),(159,'Hardware Shop Multan','','','','','','FILER',1103010158,''),(160,'D.G.Khan','','0333-6498535','','','','FILER',1103010159,''),(161,'','','','','','','FILER',1103010160,''),(162,'Crush Supplier Sakhi Sarwar','','0333-8580630','','','','FILER',1103010161,''),(163,'D.G.Khan','','','','','','FILER',1103010162,''),(164,'D.G.Khan','','0331-4186644','','','','FILER',1103010163,''),(165,'Toyota Motors D.G.Khan','','','','','','FILER',1103010164,''),(166,'D.G.Khan','','','','','','FILER',1103010165,''),(167,'D.G.Khan','','','','','','FILER',1103010166,''),(168,'D.G.Khan','','','','','','FILER',1103010167,''),(169,'D.G.Khan','','','','','','FILER',1103010168,''),(170,'Shah Saddar Din','','','','','','FILER',1103010169,''),(171,'','','','','','','FILER',1103010170,''),(172,'D.G.Khan','','','','','','FILER',1103010171,''),(173,'D.G.Khan','','','','','','FILER',1103010172,''),(174,'','','','','','','FILER',1103010173,''),(175,'','','','','','','FILER',1103010174,''),(176,'D.G.Khan','','0345-7363426','','','','FILER',1103010175,''),(177,'D.G.Khan','','','','','','FILER',1103010176,''),(178,'D.G.Khan','','','','','','FILER',1103010177,''),(180,'','','','','','','FILER',1103010178,''),(181,'M.A Shaheen Factory D.G.Khan','','0322-8642007','','','','FILER',1103010179,''),(182,'D.G.Khan','','','','','','FILER',1103010180,''),(183,'','','','','','','FILER',1103010181,''),(184,'','','','','','','FILER',1103010182,''),(185,'Kothi D.G.Khan','','','','','','FILER',1103010183,''),(186,'Model Town D.G.Khan','','','','','','FILER',1103010184,''),(187,'','','','','','','FILER',1103010185,''),(188,'D.G.Khan','','','','','','FILER',1103010186,''),(189,'','','','','','','FILER',1103010187,''),(190,'D.G.Khan','','','','','','FILER',1103010188,''),(191,'','','','','','','FILER',1103010189,''),(192,'Block 1 D.G.Khan','','0335-7574949','','','','FILER',1103010190,''),(193,'D.G.Khan','','0335-0701817','','','','FILER',1103010191,''),(194,'D.G.Khan','','','','','','FILER',1103010192,''),(195,'','','','','','','FILER',1103010193,''),(196,'','','','','','','FILER',1103010194,''),(197,'D.G.Khan','','0302-7515007','','','','FILER',1103010195,''),(198,'','','','','','','FILER',1103010196,''),(199,'','','','','','','FILER',1103010197,''),(200,'','','','','','','FILER',1103010198,''),(201,'','','','','','','FILER',1103010199,''),(202,'','','','','','','FILER',1103010200,''),(203,'D.G.Khan','','','','','','FILER',1103010201,''),(204,'Lahore','','','','','','FILER',1103010202,''),(205,'D.G.Khan','','','','','','FILER',1103010203,''),(206,'','','','','','','FILER',1103010204,''),(207,'','','','','','','FILER',1103010205,''),(208,'Allah Abad Colony D.G.Khan','','0333-4394545','','','','FILER',1103010206,''),(209,'','','','','','','FILER',1103010207,''),(210,'','','','','','','FILER',1103010208,''),(211,'','','','','','','FILER',1103010209,''),(212,'','','','','','','FILER',1103010210,''),(213,'','','','','','','FILER',1103010211,''),(214,'','','','','','','FILER',1103010212,''),(215,'','','','','','','FILER',1103010213,''),(216,'','','','','','','FILER',1103010214,''),(217,'','','','','','','FILER',1103010215,''),(218,'','','','','','','FILER',1103010216,''),(219,'','','','','','','FILER',1103010217,''),(220,'','','','','','','FILER',1103010218,''),(221,'','','','','','','FILER',1103010219,''),(222,'','','','','','','FILER',1103010220,''),(223,'','','','','','','FILER',1103010221,''),(224,'High Sign Company Multan','','0308-7370105','','','','FILER',1103010222,''),(225,'','','0321-6786789','','','','FILER',1103010223,''),(226,'','','','','','','FILER',1103010224,''),(227,'','','','','','','FILER',1103010225,''),(228,'','','','','','','FILER',1103010226,''),(229,'','','','32102-9928030-5','','','FILER',1103010227,''),(230,'','','0345-7311498','32102-1615523-1','','','FILER',1103010228,''),(231,'','','','','','','FILER',1103010229,''),(232,'Bricks Company Jalalpur Pir Wala','','0306-6509570','','','','FILER',1103010230,''),(233,'Architect Lahore','','','','','','FILER',1103010231,''),(234,'','','','','','','FILER',1103010232,''),(235,'','','','','','','FILER',1103010233,''),(236,'','','','','','','FILER',1103010234,''),(237,'','','','','','','FILER',1103010235,''),(238,'','','','','','','FILER',1103010236,''),(239,'','','','','','','FILER',1103010237,''),(240,'','','','','','','FILER',1103010238,''),(241,'','','','','','','FILER',1103010239,''),(242,'','','','','','','FILER',1103010240,''),(243,'','','','','','','FILER',1103010241,''),(244,'Gulshan e Usman Kot Addu','','','','','','FILER',1103010242,''),(245,'','','','','','','FILER',1103010243,''),(246,'','','','','','','FILER',1103010244,''),(247,'','','','','','','FILER',1103010245,''),(248,'','','','','','','FILER',1103010246,''),(249,'Kot Bodla Tehsil Jampur District Rajanpur','','','','','','FILER',1103010247,''),(250,'D.G.Khan ','','','','','','FILER',1103010248,''),(251,'','','','','','','FILER',1103010249,''),(252,'','','','','','','FILER',1103010250,''),(253,'','','','','','','FILER',1103010251,''),(254,'','','','','','','FILER',1103010252,''),(255,'','','','','','','FILER',1103010253,''),(256,'','','','','','','FILER',1103010254,''),(257,'','','','','','','FILER',1103010255,''),(258,'','','','','','','FILER',1103010256,''),(259,'','','','','','','FILER',1103010257,''),(260,'','','','','','','FILER',1103010258,''),(261,'','','','','','','FILER',1103010259,''),(262,'','','','','','','FILER',1103010260,''),(263,'','','','','','','FILER',1103010261,''),(264,'','','','','','','FILER',1103010262,''),(265,'','','','','','','FILER',1103010263,''),(266,'','','','','','','FILER',1103010264,''),(267,'','','','','','','FILER',1103010265,''),(268,'Gulberg','','','','','','FILER',1103010266,''),(269,'','','','','','','FILER',1103010267,''),(270,'','','','','','','FILER',1103010268,''),(271,'','','','','','','FILER',1103010269,''),(272,' New Defence D.G.Khan','','','','','','FILER',1103010270,'');

/*Table structure for table `account_expense` */

DROP TABLE IF EXISTS `account_expense`;

CREATE TABLE `account_expense` (
  `expense_id` int(11) NOT NULL AUTO_INCREMENT,
  `description` text,
  `account_code` int(10) NOT NULL,
  `expense_ntn` varchar(15) DEFAULT NULL,
  PRIMARY KEY (`expense_id`),
  KEY `account_number` (`account_code`),
  CONSTRAINT `account_expense_ibfk_1` FOREIGN KEY (`account_code`) REFERENCES `account` (`account_code`)
) ENGINE=InnoDB AUTO_INCREMENT=28 DEFAULT CHARSET=latin1;

/*Data for the table `account_expense` */

insert  into `account_expense`(`expense_id`,`description`,`account_code`,`expense_ntn`) values (13,'',1801010001,''),(15,'',1801010002,''),(16,'',1801010003,''),(17,'',1801010004,''),(18,'',1801010005,''),(19,'',1801010006,''),(20,'',1801010007,''),(21,'',1801010008,''),(22,'',1801010009,''),(23,'',1801010010,''),(24,'',1801010011,''),(25,'',1801010012,''),(26,'',1801010013,''),(27,'',1801010014,'');

/*Table structure for table `account_stock` */

DROP TABLE IF EXISTS `account_stock`;

CREATE TABLE `account_stock` (
  `stock_id` int(11) NOT NULL AUTO_INCREMENT,
  `account_code` int(10) NOT NULL,
  `name` varchar(56) NOT NULL,
  `description` text,
  `quantity` double(10,2) DEFAULT '0.00',
  `opening_quantity` double(10,2) DEFAULT '0.00',
  `cost` double(12,2) NOT NULL DEFAULT '0.00',
  `selling_price` double(12,2) DEFAULT '0.00',
  `unit_measure` varchar(10) NOT NULL DEFAULT 'NA',
  `item_date` date NOT NULL,
  `category_id` int(11) DEFAULT NULL,
  `maker_id` int(10) DEFAULT NULL,
  `commission_amount` double(10,2) DEFAULT '0.00',
  `engine_prefix` varchar(15) DEFAULT NULL,
  `chassis_prefix` varchar(15) DEFAULT NULL,
  `image_url` text,
  PRIMARY KEY (`stock_id`),
  KEY `category_id` (`category_id`),
  KEY `account_code` (`account_code`),
  KEY `account_stock_ibfk_3` (`maker_id`),
  CONSTRAINT `account_stock_ibfk_1` FOREIGN KEY (`category_id`) REFERENCES `account_stock_category` (`category_id`),
  CONSTRAINT `account_stock_ibfk_2` FOREIGN KEY (`account_code`) REFERENCES `account` (`account_code`),
  CONSTRAINT `account_stock_ibfk_3` FOREIGN KEY (`maker_id`) REFERENCES `maker` (`maker_id`)
) ENGINE=InnoDB AUTO_INCREMENT=98 DEFAULT CHARSET=latin1;

/*Data for the table `account_stock` */

insert  into `account_stock`(`stock_id`,`account_code`,`name`,`description`,`quantity`,`opening_quantity`,`cost`,`selling_price`,`unit_measure`,`item_date`,`category_id`,`maker_id`,`commission_amount`,`engine_prefix`,`chassis_prefix`,`image_url`) values (91,1102040001,'Phase 2','',0.00,0.00,0.00,0.00,'NA','2020-03-07',50,13,0.00,'','',NULL),(92,1102040002,'Phase 1','',0.00,0.00,0.00,0.00,'NA','2020-03-09',50,13,0.00,'','',NULL),(93,1102040003,'Phase 3','',0.00,0.00,0.00,0.00,'NA','2020-03-09',50,13,0.00,'','',NULL),(94,1102040004,'Phase 4','',0.00,0.00,0.00,0.00,'NA','2020-03-09',50,13,0.00,'','',NULL),(95,1102040005,'Block A','',0.00,0.00,0.00,0.00,'NA','2020-03-09',51,13,0.00,'','',NULL),(96,1102040006,'Block B','',0.00,0.00,0.00,0.00,'NA','2020-03-09',51,13,0.00,'','',NULL),(97,1102040007,'Phase 1','',0.00,0.00,0.00,0.00,'NA','2020-03-13',47,13,0.00,'','',NULL);

/*Table structure for table `account_stock_category` */

DROP TABLE IF EXISTS `account_stock_category`;

CREATE TABLE `account_stock_category` (
  `category_id` int(11) NOT NULL AUTO_INCREMENT,
  `title` varchar(36) NOT NULL,
  `account_code` int(10) NOT NULL DEFAULT '0',
  PRIMARY KEY (`category_id`)
) ENGINE=InnoDB AUTO_INCREMENT=61 DEFAULT CHARSET=latin1;

/*Data for the table `account_stock_category` */

insert  into `account_stock_category`(`category_id`,`title`,`account_code`) values (45,'Anari Orchard',1102140000),(46,'City Centre Jampur',1102130000),(47,'City Garden D.G.Khan',1102120000),(48,'Farm House D.G.Khan',1102100000),(50,'Gulberg',1102080000),(51,'Usmania Village',1102050000),(52,'Dream Garden D.G.Khan',1102110000),(55,'Gulshan-E-Usman Kot Addu',1102050000),(57,'NDVHS D.G.Khan',1102060000),(60,'Green City Shah Saddar Din',1102090000);

/*Table structure for table `account_tax` */

DROP TABLE IF EXISTS `account_tax`;

CREATE TABLE `account_tax` (
  `tax_detail_id` int(11) NOT NULL AUTO_INCREMENT,
  `account_code` int(10) NOT NULL,
  `filer_amount` double(5,1) NOT NULL DEFAULT '0.0',
  `non_filer_amount` double(5,1) NOT NULL DEFAULT '0.0',
  `effective_till` date NOT NULL,
  `isActive` tinyint(1) NOT NULL DEFAULT '1',
  PRIMARY KEY (`tax_detail_id`),
  KEY `account` (`account_code`),
  CONSTRAINT `account_tax_ibfk_1` FOREIGN KEY (`account_code`) REFERENCES `account` (`account_code`) ON DELETE CASCADE ON UPDATE CASCADE
) ENGINE=InnoDB DEFAULT CHARSET=latin1;

/*Data for the table `account_tax` */

/*Table structure for table `account_vendor` */

DROP TABLE IF EXISTS `account_vendor`;

CREATE TABLE `account_vendor` (
  `vendor_id` int(11) NOT NULL AUTO_INCREMENT,
  `account_code` int(10) NOT NULL,
  `email_address` varchar(26) DEFAULT NULL,
  `address` text,
  `mobile` varchar(15) DEFAULT NULL,
  `cnic` varchar(15) DEFAULT NULL,
  `landline` varchar(15) DEFAULT NULL,
  `saletax_number` varchar(15) DEFAULT NULL,
  `tax_status` varchar(9) DEFAULT NULL,
  `ntn` varchar(15) DEFAULT NULL,
  `distributor_id` int(11) DEFAULT NULL,
  `contact_person` varchar(30) DEFAULT NULL,
  PRIMARY KEY (`vendor_id`),
  KEY `account_number` (`account_code`),
  KEY `distributor_id` (`distributor_id`),
  CONSTRAINT `account_vendor_ibfk_1` FOREIGN KEY (`account_code`) REFERENCES `account` (`account_code`),
  CONSTRAINT `account_vendor_ibfk_2` FOREIGN KEY (`distributor_id`) REFERENCES `distributor` (`distributor_id`)
) ENGINE=InnoDB DEFAULT CHARSET=latin1;

/*Data for the table `account_vendor` */

/*Table structure for table `apartment` */

DROP TABLE IF EXISTS `apartment`;

CREATE TABLE `apartment` (
  `apartment_id` int(10) NOT NULL AUTO_INCREMENT,
  `apartment_number` varchar(30) DEFAULT NULL,
  `stock_id` int(10) DEFAULT NULL,
  `selling_price` double(12,2) DEFAULT '0.00',
  `description` text,
  `floor` varchar(15) DEFAULT NULL,
  `rooms` int(2) DEFAULT NULL,
  `is_sold` tinyint(1) DEFAULT '0',
  `distributor_id` int(10) DEFAULT NULL,
  `amount_paid` double(12,2) DEFAULT '0.00',
  `commission_amount` double(12,2) NOT NULL DEFAULT '0.00',
  `commission_status` varchar(50) DEFAULT NULL,
  `commission_due` date DEFAULT NULL,
  `customer_account` int(10) DEFAULT '0',
  `date` date DEFAULT NULL,
  `is_hold` tinyint(1) NOT NULL DEFAULT '0',
  PRIMARY KEY (`apartment_id`),
  UNIQUE KEY `apartment_number` (`apartment_number`),
  KEY `stock_id` (`stock_id`),
  CONSTRAINT `apartment_ibfk_1` FOREIGN KEY (`stock_id`) REFERENCES `account_stock` (`stock_id`)
) ENGINE=InnoDB AUTO_INCREMENT=14 DEFAULT CHARSET=latin1;

/*Data for the table `apartment` */

insert  into `apartment`(`apartment_id`,`apartment_number`,`stock_id`,`selling_price`,`description`,`floor`,`rooms`,`is_sold`,`distributor_id`,`amount_paid`,`commission_amount`,`commission_status`,`commission_due`,`customer_account`,`date`,`is_hold`) values (8,'1',96,0.00,'Purchased plot# 1-B Usmania Village Block B 6 M',NULL,0,0,0,3540000.00,0.00,'INACTIVE',NULL,0,'2020-03-10',0),(9,'2',96,0.00,'Purchased plot# 2-B Usmania Village Block B 6 M',NULL,0,0,0,0.00,10000.00,'INACTIVE',NULL,0,'2020-03-10',0),(10,'3',96,3600000.00,'Purchased plot# 3-B Usmania Village Block B 6 M',NULL,0,0,0,0.00,0.00,NULL,NULL,0,NULL,0),(11,'4',96,4410000.00,'Purchased plot# 4-B Usmania Village Block B 6.30 M',NULL,0,0,0,0.00,0.00,NULL,NULL,0,NULL,0),(12,'31',97,0.00,'City Garden D.G.Khan',NULL,0,0,0,0.00,150000.00,'INACTIVE',NULL,0,'2020-03-13',0),(13,'P1',94,3444444.00,'Plot of city garden dfd fdf dfd dfdf df ddfd',NULL,0,0,0,0.00,0.00,NULL,NULL,0,NULL,0);

/*Table structure for table `apartment_hold` */

DROP TABLE IF EXISTS `apartment_hold`;

CREATE TABLE `apartment_hold` (
  `apartment_hold_id` int(11) NOT NULL AUTO_INCREMENT,
  `apartment_id` int(11) DEFAULT NULL,
  `onhold_days` int(5) DEFAULT NULL,
  `customer_name` varchar(56) DEFAULT NULL,
  `cnic` varchar(30) DEFAULT NULL,
  `mobile` varchar(20) DEFAULT NULL,
  `remarks` varchar(90) DEFAULT NULL,
  `hold_date` date DEFAULT NULL,
  `salesman_id` int(11) DEFAULT NULL,
  `hold_amount` double(12,2) DEFAULT NULL,
  PRIMARY KEY (`apartment_hold_id`),
  KEY `apartment_id` (`apartment_id`),
  CONSTRAINT `apartment_hold_ibfk_1` FOREIGN KEY (`apartment_id`) REFERENCES `apartment` (`apartment_id`)
) ENGINE=InnoDB DEFAULT CHARSET=latin1;

/*Data for the table `apartment_hold` */

/*Table structure for table `attendance` */

DROP TABLE IF EXISTS `attendance`;

CREATE TABLE `attendance` (
  `attendance_id` int(11) NOT NULL AUTO_INCREMENT,
  `absents` int(8) NOT NULL DEFAULT '0',
  `date` date DEFAULT NULL,
  `employee_id` int(11) DEFAULT NULL,
  `working_days` int(9) DEFAULT '22',
  `month` varchar(22) NOT NULL,
  `year` varchar(22) NOT NULL,
  `isActive` int(2) DEFAULT '1',
  PRIMARY KEY (`attendance_id`),
  KEY `employeeID` (`employee_id`),
  CONSTRAINT `employeeID` FOREIGN KEY (`employee_id`) REFERENCES `employee` (`employee_id`)
) ENGINE=InnoDB DEFAULT CHARSET=latin1;

/*Data for the table `attendance` */

/*Table structure for table `department` */

DROP TABLE IF EXISTS `department`;

CREATE TABLE `department` (
  `dep_id` int(11) NOT NULL AUTO_INCREMENT,
  `name` varchar(36) NOT NULL,
  `dep_code` varchar(6) NOT NULL,
  `location` varchar(24) NOT NULL DEFAULT 'NA',
  `dept_gm` int(11) DEFAULT '0',
  `account_code` int(10) DEFAULT '0',
  PRIMARY KEY (`dep_id`)
) ENGINE=InnoDB DEFAULT CHARSET=latin1;

/*Data for the table `department` */

/*Table structure for table `department_location` */

DROP TABLE IF EXISTS `department_location`;

CREATE TABLE `department_location` (
  `location_id` int(11) NOT NULL AUTO_INCREMENT,
  `location_name` varchar(24) NOT NULL DEFAULT 'NA',
  PRIMARY KEY (`location_id`)
) ENGINE=InnoDB DEFAULT CHARSET=latin1;

/*Data for the table `department_location` */

/*Table structure for table `department_sub` */

DROP TABLE IF EXISTS `department_sub`;

CREATE TABLE `department_sub` (
  `subdep_id` int(11) NOT NULL AUTO_INCREMENT,
  `subdep_name` varchar(36) NOT NULL,
  `dep_id` int(11) DEFAULT NULL,
  PRIMARY KEY (`subdep_id`),
  KEY `dep_id` (`dep_id`),
  CONSTRAINT `department_sub_ibfk_1` FOREIGN KEY (`dep_id`) REFERENCES `department` (`dep_id`)
) ENGINE=InnoDB DEFAULT CHARSET=latin1;

/*Data for the table `department_sub` */

/*Table structure for table `distributor` */

DROP TABLE IF EXISTS `distributor`;

CREATE TABLE `distributor` (
  `distributor_id` int(11) NOT NULL AUTO_INCREMENT,
  `name` varchar(30) NOT NULL,
  `mobile` varchar(17) NOT NULL,
  `address` text,
  `email` varchar(30) NOT NULL,
  `date` date NOT NULL,
  `isActive` tinyint(1) NOT NULL DEFAULT '1',
  `auth_id` int(11) DEFAULT NULL,
  PRIMARY KEY (`distributor_id`),
  KEY `auth_id` (`auth_id`),
  CONSTRAINT `distributor_ibfk_1` FOREIGN KEY (`auth_id`) REFERENCES `user_auth` (`auth_id`) ON DELETE SET NULL
) ENGINE=InnoDB AUTO_INCREMENT=25 DEFAULT CHARSET=latin1;

/*Data for the table `distributor` */

insert  into `distributor`(`distributor_id`,`name`,`mobile`,`address`,`email`,`date`,`isActive`,`auth_id`) values (18,'M Akhter','03458294382','DG khan','akhteragtl@yahoo.com','2019-02-07',0,NULL),(22,'M Akhter','03458294382','DG khan','akhteragtl@yahoo.com','2019-02-07',0,NULL),(23,'Ch Tariq','03146614011','D.G.Khan','xyz@gmail.com','2020-03-12',0,39),(24,'Umer Farooq Bhatti','03324441555','D.G.Khan','xyz@gmail.com','2020-03-13',0,40);

/*Table structure for table `employee` */

DROP TABLE IF EXISTS `employee`;

CREATE TABLE `employee` (
  `employee_id` int(11) NOT NULL AUTO_INCREMENT,
  `name` varchar(56) NOT NULL,
  `address` text,
  `position` varchar(56) DEFAULT NULL,
  `cnic` varchar(15) NOT NULL,
  `personal_email` varchar(56) NOT NULL DEFAULT '-',
  `email` varchar(56) DEFAULT '-',
  `phone` varchar(14) NOT NULL DEFAULT '-',
  `status_date` date DEFAULT NULL,
  `join_date` date DEFAULT NULL,
  `status` varchar(56) DEFAULT NULL,
  `eobi_status` tinyint(1) DEFAULT '0',
  `prov_status` tinyint(1) NOT NULL DEFAULT '0',
  `graduity_status` tinyint(1) NOT NULL DEFAULT '0',
  `account_number` varchar(56) DEFAULT NULL,
  `isActive` tinyint(1) DEFAULT '1',
  `bank_name` varchar(40) DEFAULT NULL,
  `branch_name` varchar(40) DEFAULT NULL,
  `current_salary` double(10,2) NOT NULL DEFAULT '0.00',
  `updated` date DEFAULT NULL,
  `bonus` double(8,2) DEFAULT '0.00',
  `income_tax` double(8,2) DEFAULT '0.00',
  `holiday_bonus` double(8,2) DEFAULT '0.00',
  `auth_id` int(11) DEFAULT NULL,
  `dept_id` int(11) DEFAULT NULL,
  `rule_id` int(11) DEFAULT NULL,
  PRIMARY KEY (`employee_id`),
  KEY `dept_id` (`dept_id`),
  KEY `rule_id` (`rule_id`),
  CONSTRAINT `employee_ibfk_1` FOREIGN KEY (`dept_id`) REFERENCES `department` (`dep_id`),
  CONSTRAINT `employee_ibfk_2` FOREIGN KEY (`rule_id`) REFERENCES `employee_rule` (`rule_id`) ON DELETE SET NULL
) ENGINE=InnoDB DEFAULT CHARSET=latin1;

/*Data for the table `employee` */

/*Table structure for table `employee_rule` */

DROP TABLE IF EXISTS `employee_rule`;

CREATE TABLE `employee_rule` (
  `rule_id` int(11) NOT NULL AUTO_INCREMENT,
  `title` varchar(30) NOT NULL,
  `description` text,
  `leave_per_month` double(3,1) NOT NULL DEFAULT '0.0',
  `is_saturday` tinyint(1) NOT NULL DEFAULT '0',
  `is_sunday` tinyint(1) NOT NULL DEFAULT '0',
  `updated` date NOT NULL,
  PRIMARY KEY (`rule_id`)
) ENGINE=InnoDB DEFAULT CHARSET=latin1;

/*Data for the table `employee_rule` */

/*Table structure for table `maker` */

DROP TABLE IF EXISTS `maker`;

CREATE TABLE `maker` (
  `maker_id` int(10) NOT NULL AUTO_INCREMENT,
  `maker_name` varchar(30) DEFAULT NULL,
  PRIMARY KEY (`maker_id`)
) ENGINE=InnoDB AUTO_INCREMENT=15 DEFAULT CHARSET=latin1;

/*Data for the table `maker` */

insert  into `maker`(`maker_id`,`maker_name`) values (13,'Usmania & Sons'),(14,'Usmania Village');

/*Table structure for table `note` */

DROP TABLE IF EXISTS `note`;

CREATE TABLE `note` (
  `note_id` int(11) NOT NULL AUTO_INCREMENT,
  `heading` varchar(36) NOT NULL,
  `date` date DEFAULT NULL,
  `print_seq` int(3) DEFAULT NULL,
  `report_type` varchar(15) DEFAULT NULL,
  `status` tinyint(1) NOT NULL DEFAULT '1',
  `report_id` int(11) DEFAULT NULL,
  PRIMARY KEY (`note_id`),
  KEY `report_id` (`report_id`),
  CONSTRAINT `note_ibfk_1` FOREIGN KEY (`report_id`) REFERENCES `report` (`stage_id`) ON DELETE SET NULL ON UPDATE NO ACTION
) ENGINE=InnoDB AUTO_INCREMENT=92 DEFAULT CHARSET=latin1;

/*Data for the table `note` */

insert  into `note`(`note_id`,`heading`,`date`,`print_seq`,`report_type`,`status`,`report_id`) values (29,'SALE',NULL,NULL,'ProfitAndLoss',0,19),(30,'COST OF GOODS SOLD',NULL,NULL,'ProfitAndLoss',0,20),(31,'GROSS PROFIT',NULL,NULL,'ProfitAndLoss',0,21),(32,'EXPENSES',NULL,NULL,'ProfitAndLoss',0,22),(33,'OTHER INCOME',NULL,NULL,'ProfitAndLoss',0,23),(34,'NET PROFIT',NULL,NULL,'ProfitAndLoss',0,24),(52,'Sales','2018-07-11',71,'ProfitAndLoss',1,NULL),(53,'Cost of Project','2018-07-11',72,'ProfitAndLoss',1,NULL),(55,'Admin & Selling Expenses','2018-07-11',73,'ProfitAndLoss',1,NULL),(56,'Other Income','2018-07-11',74,'ProfitAndLoss',1,NULL),(58,'Taxation','2018-07-11',75,'ProfitAndLoss',1,NULL),(60,'Project Office','2018-07-11',21,'BalanceSheet',1,NULL),(61,'Other Operating Assets','2018-07-11',22,'BalanceSheet',1,NULL),(62,'Available Flats','2018-07-11',31,'BalanceSheet',1,NULL),(63,'Trade Receivable','2018-07-11',32,'BalanceSheet',1,NULL),(64,'Advances & Deposits','2018-07-11',33,'BalanceSheet',1,NULL),(65,'Cash and Bank Balances','2018-07-11',39,'BalanceSheet',1,NULL),(66,'Owner Capital','2018-07-12',41,'BalanceSheet',1,NULL),(68,'Long Term Liability','2018-07-11',51,'BalanceSheet',1,NULL),(69,'Trade Payable','2018-07-11',61,'BalanceSheet',1,NULL),(70,'Other Payable','2018-07-11',62,'BalanceSheet',1,NULL),(71,'Land and Building ',NULL,NULL,'BalanceSheet',0,35),(72,'Other Operating Assets',NULL,NULL,'BalanceSheet',0,36),(73,'Total Non-Current Assets',NULL,NULL,'BalanceSheet',0,37),(74,'Unappropriate Profit / (Loss)','2018-07-11',42,'BalanceSheet',1,NULL),(75,'Available Flats',NULL,NULL,'BalanceSheet',0,38),(76,'Trade Receivable',NULL,NULL,'BalanceSheet',0,39),(77,'Advances & Deposits',NULL,NULL,'BalanceSheet',0,40),(78,'Cash and Bank Balances',NULL,NULL,'BalanceSheet',0,41),(79,'Total Current Assets',NULL,NULL,'BalanceSheet',0,42),(80,'Total Assets',NULL,NULL,'BalanceSheet',0,43),(81,'Owner Capital',NULL,NULL,'BalanceSheet',0,44),(82,'Total Capital & Reserves',NULL,NULL,'BalanceSheet',0,46),(83,'Long Term Liability ',NULL,NULL,'BalanceSheet',0,47),(84,'Total Long Term Liability',NULL,NULL,'BalanceSheet',0,52),(85,'Trade Payable',NULL,NULL,'BalanceSheet',0,48),(86,'Other Payable',NULL,NULL,'BalanceSheet',0,49),(87,'Total Current Liability',NULL,NULL,'BalanceSheet',0,50),(88,'Total Capital & Liability',NULL,NULL,'BalanceSheet',0,51),(89,'Unappropriated Profit / (Loss)',NULL,NULL,'BalanceSheet',0,45),(90,'','2020-03-06',NULL,'ProfitAndLoss',1,NULL),(91,'sALES','2020-03-06',NULL,'ProfitAndLoss',1,NULL);

/*Table structure for table `note_subheading` */

DROP TABLE IF EXISTS `note_subheading`;

CREATE TABLE `note_subheading` (
  `note_id` int(11) NOT NULL,
  `sub_id` int(11) NOT NULL,
  KEY `note_id` (`note_id`),
  KEY `sub_id` (`sub_id`),
  CONSTRAINT `note_subheading_ibfk_1` FOREIGN KEY (`note_id`) REFERENCES `note` (`note_id`) ON DELETE CASCADE ON UPDATE CASCADE,
  CONSTRAINT `note_subheading_ibfk_2` FOREIGN KEY (`sub_id`) REFERENCES `subheading` (`sub_id`) ON DELETE CASCADE ON UPDATE CASCADE
) ENGINE=InnoDB DEFAULT CHARSET=latin1;

/*Data for the table `note_subheading` */

insert  into `note_subheading`(`note_id`,`sub_id`) values (52,39),(53,40),(55,41),(56,42),(29,39),(30,40),(31,39),(31,40),(32,41),(33,42),(34,39),(34,40),(34,41),(34,42),(61,44),(72,44),(60,45),(62,47),(63,48),(64,49),(65,50),(74,52),(68,53),(69,54),(70,55),(71,45),(73,45),(73,44),(75,47),(76,48),(77,49),(78,50),(79,47),(79,48),(79,49),(79,50),(80,45),(80,44),(80,47),(80,48),(80,49),(80,50),(83,53),(84,53),(85,54),(86,55),(87,54),(87,55),(89,52),(66,56),(81,56),(82,52),(82,56),(88,52),(88,53),(88,54),(88,55),(88,56);

/*Table structure for table `offer` */

DROP TABLE IF EXISTS `offer`;

CREATE TABLE `offer` (
  `offer_id` int(11) NOT NULL AUTO_INCREMENT,
  `offer_name` varchar(15) DEFAULT NULL,
  `scheme_quantity` double(8,2) DEFAULT '0.00',
  `description` varchar(36) DEFAULT NULL,
  `account_code` int(10) NOT NULL,
  `type` varchar(15) NOT NULL,
  `extra` int(3) DEFAULT '0',
  `trade_percentage` double(3,2) DEFAULT '0.00',
  `start_date` date NOT NULL,
  `end_date` date NOT NULL,
  PRIMARY KEY (`offer_id`)
) ENGINE=InnoDB DEFAULT CHARSET=latin1;

/*Data for the table `offer` */

/*Table structure for table `payment_due` */

DROP TABLE IF EXISTS `payment_due`;

CREATE TABLE `payment_due` (
  `voucher_id` int(11) NOT NULL AUTO_INCREMENT,
  `voucher_number` varchar(56) NOT NULL,
  `voucher_date` date DEFAULT NULL,
  `due_date` date DEFAULT NULL,
  `cheque_number` varchar(20) DEFAULT NULL,
  `bank_account` int(10) DEFAULT NULL,
  `account_code` int(10) DEFAULT NULL,
  `tax_account` int(10) DEFAULT NULL,
  `item_account` int(10) DEFAULT NULL,
  `bill_amount` double(12,2) DEFAULT NULL,
  `tax_amount` double(12,2) DEFAULT NULL,
  `credit` double(12,2) DEFAULT NULL,
  `debit` double(12,2) DEFAULT NULL,
  `remarks` text,
  `bill_number` varchar(56) DEFAULT NULL,
  `item_quantity` double(12,2) DEFAULT '0.00',
  `item_rate` double(12,2) DEFAULT '0.00',
  `reference_voucher` varchar(56) DEFAULT NULL,
  `tax_rate` double(12,2) DEFAULT NULL,
  `isActive` int(1) DEFAULT '1',
  `status` varchar(56) DEFAULT 'PARTIAL',
  `apartment_id` varchar(10) DEFAULT NULL,
  `own_amount` double(12,2) DEFAULT '0.00',
  `apartment_number` varchar(30) DEFAULT NULL,
  `advance_tax` double(12,2) DEFAULT '0.00',
  `commission_amount` double(12,2) DEFAULT '0.00',
  PRIMARY KEY (`voucher_id`)
) ENGINE=InnoDB AUTO_INCREMENT=321 DEFAULT CHARSET=latin1;

/*Data for the table `payment_due` */

insert  into `payment_due`(`voucher_id`,`voucher_number`,`voucher_date`,`due_date`,`cheque_number`,`bank_account`,`account_code`,`tax_account`,`item_account`,`bill_amount`,`tax_amount`,`credit`,`debit`,`remarks`,`bill_number`,`item_quantity`,`item_rate`,`reference_voucher`,`tax_rate`,`isActive`,`status`,`apartment_id`,`own_amount`,`apartment_number`,`advance_tax`,`commission_amount`) values (1,'DP1','2018-07-12','2018-07-27',NULL,0,1103010052,NULL,1102040001,NULL,NULL,NULL,2475000.00,'DOWN PAYMENT 1',NULL,1.00,16500000.00,NULL,NULL,NULL,NULL,'341',0.00,'1103',0.00,NULL),(2,'DP1','2018-08-12','2018-08-27',NULL,0,1103010052,NULL,1102040001,NULL,NULL,NULL,1650000.00,'DOWN PAYMENT 2',NULL,1.00,16500000.00,NULL,NULL,NULL,NULL,'341',0.00,'1103',0.00,NULL),(3,'DP1','2018-09-12','2018-09-27',NULL,0,1103010052,NULL,1102040001,NULL,NULL,NULL,825000.00,'DOWN PAYMENT 3',NULL,1.00,16500000.00,NULL,NULL,NULL,NULL,'341',0.00,'1103',0.00,NULL),(4,'IS1','2018-10-01','2018-10-10',NULL,0,1103010052,NULL,1102040001,NULL,NULL,NULL,825000.00,'INSTALLMENT 1',NULL,1.00,16500000.00,NULL,NULL,NULL,NULL,'341',0.00,'1103',0.00,NULL),(5,'IS1','2019-01-01','2019-01-10',NULL,0,1103010052,NULL,1102040001,NULL,NULL,NULL,825000.00,'INSTALLMENT 2',NULL,1.00,16500000.00,NULL,NULL,NULL,NULL,'341',0.00,'1103',0.00,NULL),(6,'IS1','2019-04-01','2019-04-10',NULL,0,1103010052,NULL,1102040001,NULL,NULL,NULL,825000.00,'INSTALLMENT 3',NULL,1.00,16500000.00,NULL,NULL,NULL,NULL,'341',0.00,'1103',0.00,NULL),(7,'IS1','2019-07-01','2019-07-10',NULL,0,1103010052,NULL,1102040001,NULL,NULL,NULL,825000.00,'INSTALLMENT 4',NULL,1.00,16500000.00,NULL,NULL,NULL,NULL,'341',0.00,'1103',0.00,NULL),(8,'IS1','2019-10-01','2019-10-10',NULL,0,1103010052,NULL,1102040001,NULL,NULL,NULL,825000.00,'INSTALLMENT 5',NULL,1.00,16500000.00,NULL,NULL,NULL,NULL,'341',0.00,'1103',0.00,NULL),(9,'IS1','2020-01-01','2020-01-10',NULL,0,1103010052,NULL,1102040001,NULL,NULL,NULL,825000.00,'INSTALLMENT 6',NULL,1.00,16500000.00,NULL,NULL,NULL,NULL,'341',0.00,'1103',0.00,NULL),(10,'IS1','2020-04-01','2020-04-10',NULL,0,1103010052,NULL,1102040001,NULL,NULL,NULL,825000.00,'INSTALLMENT 7',NULL,1.00,16500000.00,NULL,NULL,NULL,NULL,'341',0.00,'1103',0.00,NULL),(11,'IS1','2020-07-01','2020-07-10',NULL,0,1103010052,NULL,1102040001,NULL,NULL,NULL,825000.00,'INSTALLMENT 8',NULL,1.00,16500000.00,NULL,NULL,NULL,NULL,'341',0.00,'1103',0.00,NULL),(12,'IS1','2020-10-01','2020-10-10',NULL,0,1103010052,NULL,1102040001,NULL,NULL,NULL,825000.00,'INSTALLMENT 9',NULL,1.00,16500000.00,NULL,NULL,NULL,NULL,'341',0.00,'1103',0.00,NULL),(13,'IS1','2021-01-01','2021-01-10',NULL,0,1103010052,NULL,1102040001,NULL,NULL,NULL,825000.00,'INSTALLMENT 10',NULL,1.00,16500000.00,NULL,NULL,NULL,NULL,'341',0.00,'1103',0.00,NULL),(14,'IS1','2021-04-01','2021-04-10',NULL,0,1103010052,NULL,1102040001,NULL,NULL,NULL,825000.00,'INSTALLMENT 11',NULL,1.00,16500000.00,NULL,NULL,NULL,NULL,'341',0.00,'1103',0.00,NULL),(15,'IS1','2021-07-01','2021-07-10',NULL,0,1103010052,NULL,1102040001,NULL,NULL,NULL,825000.00,'INSTALLMENT 12',NULL,1.00,16500000.00,NULL,NULL,NULL,NULL,'341',0.00,'1103',0.00,NULL),(16,'IS1','2021-10-01','2021-10-10',NULL,0,1103010052,NULL,1102040001,NULL,NULL,NULL,825000.00,'INSTALLMENT 13',NULL,1.00,16500000.00,NULL,NULL,NULL,NULL,'341',0.00,'1103',0.00,NULL),(17,'IS1','2022-01-01','2022-01-10',NULL,0,1103010052,NULL,1102040001,NULL,NULL,NULL,825000.00,'INSTALLMENT 14',NULL,1.00,16500000.00,NULL,NULL,NULL,NULL,'341',0.00,'1103',0.00,NULL),(18,'DP2','2018-07-12','2018-07-27',NULL,0,1103010051,NULL,1102040001,NULL,NULL,NULL,2400000.00,'DOWN PAYMENT 1',NULL,1.00,16000000.00,NULL,NULL,NULL,NULL,'258',0.00,'301',0.00,NULL),(19,'DP2','2018-08-12','2018-08-27',NULL,0,1103010051,NULL,1102040001,NULL,NULL,NULL,1600000.00,'DOWN PAYMENT 2',NULL,1.00,16000000.00,NULL,NULL,NULL,NULL,'258',0.00,'301',0.00,NULL),(20,'DP2','2018-09-12','2018-09-27',NULL,0,1103010051,NULL,1102040001,NULL,NULL,NULL,800000.00,'DOWN PAYMENT 3',NULL,1.00,16000000.00,NULL,NULL,NULL,NULL,'258',0.00,'301',0.00,NULL),(21,'IS2','2018-10-01','2018-10-10',NULL,0,1103010051,NULL,1102040001,NULL,NULL,NULL,800000.00,'INSTALLMENT 1',NULL,1.00,16000000.00,NULL,NULL,NULL,NULL,'258',0.00,'301',0.00,NULL),(22,'IS2','2019-01-01','2019-01-10',NULL,0,1103010051,NULL,1102040001,NULL,NULL,NULL,800000.00,'INSTALLMENT 2',NULL,1.00,16000000.00,NULL,NULL,NULL,NULL,'258',0.00,'301',0.00,NULL),(23,'IS2','2019-04-01','2019-04-10',NULL,0,1103010051,NULL,1102040001,NULL,NULL,NULL,800000.00,'INSTALLMENT 3',NULL,1.00,16000000.00,NULL,NULL,NULL,NULL,'258',0.00,'301',0.00,NULL),(24,'IS2','2019-07-01','2019-07-10',NULL,0,1103010051,NULL,1102040001,NULL,NULL,NULL,800000.00,'INSTALLMENT 4',NULL,1.00,16000000.00,NULL,NULL,NULL,NULL,'258',0.00,'301',0.00,NULL),(25,'IS2','2019-10-01','2019-10-10',NULL,0,1103010051,NULL,1102040001,NULL,NULL,NULL,800000.00,'INSTALLMENT 5',NULL,1.00,16000000.00,NULL,NULL,NULL,NULL,'258',0.00,'301',0.00,NULL),(26,'IS2','2020-01-01','2020-01-10',NULL,0,1103010051,NULL,1102040001,NULL,NULL,NULL,800000.00,'INSTALLMENT 6',NULL,1.00,16000000.00,NULL,NULL,NULL,NULL,'258',0.00,'301',0.00,NULL),(27,'IS2','2020-04-01','2020-04-10',NULL,0,1103010051,NULL,1102040001,NULL,NULL,NULL,800000.00,'INSTALLMENT 7',NULL,1.00,16000000.00,NULL,NULL,NULL,NULL,'258',0.00,'301',0.00,NULL),(28,'IS2','2020-07-01','2020-07-10',NULL,0,1103010051,NULL,1102040001,NULL,NULL,NULL,800000.00,'INSTALLMENT 8',NULL,1.00,16000000.00,NULL,NULL,NULL,NULL,'258',0.00,'301',0.00,NULL),(29,'IS2','2020-10-01','2020-10-10',NULL,0,1103010051,NULL,1102040001,NULL,NULL,NULL,800000.00,'INSTALLMENT 9',NULL,1.00,16000000.00,NULL,NULL,NULL,NULL,'258',0.00,'301',0.00,NULL),(30,'IS2','2021-01-01','2021-01-10',NULL,0,1103010051,NULL,1102040001,NULL,NULL,NULL,800000.00,'INSTALLMENT 10',NULL,1.00,16000000.00,NULL,NULL,NULL,NULL,'258',0.00,'301',0.00,NULL),(31,'IS2','2021-04-01','2021-04-10',NULL,0,1103010051,NULL,1102040001,NULL,NULL,NULL,800000.00,'INSTALLMENT 11',NULL,1.00,16000000.00,NULL,NULL,NULL,NULL,'258',0.00,'301',0.00,NULL),(32,'IS2','2021-07-01','2021-07-10',NULL,0,1103010051,NULL,1102040001,NULL,NULL,NULL,800000.00,'INSTALLMENT 12',NULL,1.00,16000000.00,NULL,NULL,NULL,NULL,'258',0.00,'301',0.00,NULL),(33,'IS2','2021-10-01','2021-10-10',NULL,0,1103010051,NULL,1102040001,NULL,NULL,NULL,800000.00,'INSTALLMENT 13',NULL,1.00,16000000.00,NULL,NULL,NULL,NULL,'258',0.00,'301',0.00,NULL),(34,'IS2','2022-01-01','2022-01-10',NULL,0,1103010051,NULL,1102040001,NULL,NULL,NULL,800000.00,'INSTALLMENT 14',NULL,1.00,16000000.00,NULL,NULL,NULL,NULL,'258',0.00,'301',0.00,NULL),(35,'DP3','2018-07-28','2018-08-12',NULL,0,1103010052,NULL,1102040001,NULL,NULL,NULL,2655000.00,'DOWN PAYMENT 1',NULL,1.00,17700000.00,NULL,NULL,NULL,NULL,'565',0.00,'2903',0.00,NULL),(36,'DP3','2018-08-28','2018-09-12',NULL,0,1103010052,NULL,1102040001,NULL,NULL,NULL,1770000.00,'DOWN PAYMENT 2',NULL,1.00,17700000.00,NULL,NULL,NULL,NULL,'565',0.00,'2903',0.00,NULL),(37,'DP3','2018-09-28','2018-10-12',NULL,0,1103010052,NULL,1102040001,NULL,NULL,NULL,885000.00,'DOWN PAYMENT 3',NULL,1.00,17700000.00,NULL,NULL,NULL,NULL,'565',0.00,'2903',0.00,NULL),(38,'IS3','2019-01-01','2019-01-10',NULL,0,1103010052,NULL,1102040001,NULL,NULL,NULL,885000.00,'INSTALLMENT 1',NULL,1.00,17700000.00,NULL,NULL,NULL,NULL,'565',0.00,'2903',0.00,NULL),(39,'IS3','2019-04-01','2019-04-10',NULL,0,1103010052,NULL,1102040001,NULL,NULL,NULL,885000.00,'INSTALLMENT 2',NULL,1.00,17700000.00,NULL,NULL,NULL,NULL,'565',0.00,'2903',0.00,NULL),(40,'IS3','2019-07-01','2019-07-10',NULL,0,1103010052,NULL,1102040001,NULL,NULL,NULL,885000.00,'INSTALLMENT 3',NULL,1.00,17700000.00,NULL,NULL,NULL,NULL,'565',0.00,'2903',0.00,NULL),(41,'IS3','2019-10-01','2019-10-10',NULL,0,1103010052,NULL,1102040001,NULL,NULL,NULL,885000.00,'INSTALLMENT 4',NULL,1.00,17700000.00,NULL,NULL,NULL,NULL,'565',0.00,'2903',0.00,NULL),(42,'IS3','2020-01-01','2020-01-10',NULL,0,1103010052,NULL,1102040001,NULL,NULL,NULL,885000.00,'INSTALLMENT 5',NULL,1.00,17700000.00,NULL,NULL,NULL,NULL,'565',0.00,'2903',0.00,NULL),(43,'IS3','2020-04-01','2020-04-10',NULL,0,1103010052,NULL,1102040001,NULL,NULL,NULL,885000.00,'INSTALLMENT 6',NULL,1.00,17700000.00,NULL,NULL,NULL,NULL,'565',0.00,'2903',0.00,NULL),(44,'IS3','2020-07-01','2020-07-10',NULL,0,1103010052,NULL,1102040001,NULL,NULL,NULL,885000.00,'INSTALLMENT 7',NULL,1.00,17700000.00,NULL,NULL,NULL,NULL,'565',0.00,'2903',0.00,NULL),(45,'IS3','2020-10-01','2020-10-10',NULL,0,1103010052,NULL,1102040001,NULL,NULL,NULL,885000.00,'INSTALLMENT 8',NULL,1.00,17700000.00,NULL,NULL,NULL,NULL,'565',0.00,'2903',0.00,NULL),(46,'IS3','2021-01-01','2021-01-10',NULL,0,1103010052,NULL,1102040001,NULL,NULL,NULL,885000.00,'INSTALLMENT 9',NULL,1.00,17700000.00,NULL,NULL,NULL,NULL,'565',0.00,'2903',0.00,NULL),(47,'IS3','2021-04-01','2021-04-10',NULL,0,1103010052,NULL,1102040001,NULL,NULL,NULL,885000.00,'INSTALLMENT 10',NULL,1.00,17700000.00,NULL,NULL,NULL,NULL,'565',0.00,'2903',0.00,NULL),(48,'IS3','2021-07-01','2021-07-10',NULL,0,1103010052,NULL,1102040001,NULL,NULL,NULL,885000.00,'INSTALLMENT 11',NULL,1.00,17700000.00,NULL,NULL,NULL,NULL,'565',0.00,'2903',0.00,NULL),(49,'IS3','2021-10-01','2021-10-10',NULL,0,1103010052,NULL,1102040001,NULL,NULL,NULL,885000.00,'INSTALLMENT 12',NULL,1.00,17700000.00,NULL,NULL,NULL,NULL,'565',0.00,'2903',0.00,NULL),(50,'IS3','2022-01-01','2022-01-10',NULL,0,1103010052,NULL,1102040001,NULL,NULL,NULL,885000.00,'INSTALLMENT 13',NULL,1.00,17700000.00,NULL,NULL,NULL,NULL,'565',0.00,'2903',0.00,NULL),(51,'IS3','2022-04-01','2022-04-10',NULL,0,1103010052,NULL,1102040001,NULL,NULL,NULL,885000.00,'INSTALLMENT 14',NULL,1.00,17700000.00,NULL,NULL,NULL,NULL,'565',0.00,'2903',0.00,NULL),(52,'DP4','2018-07-28','2018-08-12',NULL,0,1103010053,NULL,1102040003,NULL,NULL,NULL,1275000.00,'DOWN PAYMENT 1',NULL,1.00,8500000.00,NULL,NULL,NULL,NULL,'569',0.00,'2910',0.00,NULL),(53,'DP4','2018-08-28','2018-09-12',NULL,0,1103010053,NULL,1102040003,NULL,NULL,NULL,1275000.00,'DOWN PAYMENT 2',NULL,1.00,8500000.00,NULL,NULL,NULL,NULL,'569',0.00,'2910',0.00,NULL),(54,'IS4','2018-10-01','2018-10-10',NULL,0,1103010053,NULL,1102040003,NULL,NULL,NULL,425000.00,'INSTALLMENT 1',NULL,1.00,8500000.00,NULL,NULL,NULL,NULL,'569',0.00,'2910',0.00,NULL),(55,'IS4','2019-01-01','2019-01-10',NULL,0,1103010053,NULL,1102040003,NULL,NULL,NULL,425000.00,'INSTALLMENT 2',NULL,1.00,8500000.00,NULL,NULL,NULL,NULL,'569',0.00,'2910',0.00,NULL),(56,'IS4','2019-04-01','2019-04-10',NULL,0,1103010053,NULL,1102040003,NULL,NULL,NULL,425000.00,'INSTALLMENT 3',NULL,1.00,8500000.00,NULL,NULL,NULL,NULL,'569',0.00,'2910',0.00,NULL),(57,'IS4','2019-07-01','2019-07-10',NULL,0,1103010053,NULL,1102040003,NULL,NULL,NULL,425000.00,'INSTALLMENT 4',NULL,1.00,8500000.00,NULL,NULL,NULL,NULL,'569',0.00,'2910',0.00,NULL),(58,'IS4','2019-10-01','2019-10-10',NULL,0,1103010053,NULL,1102040003,NULL,NULL,NULL,425000.00,'INSTALLMENT 5',NULL,1.00,8500000.00,NULL,NULL,NULL,NULL,'569',0.00,'2910',0.00,NULL),(59,'IS4','2020-01-01','2020-01-10',NULL,0,1103010053,NULL,1102040003,NULL,NULL,NULL,425000.00,'INSTALLMENT 6',NULL,1.00,8500000.00,NULL,NULL,NULL,NULL,'569',0.00,'2910',0.00,NULL),(60,'IS4','2020-04-01','2020-04-10',NULL,0,1103010053,NULL,1102040003,NULL,NULL,NULL,425000.00,'INSTALLMENT 7',NULL,1.00,8500000.00,NULL,NULL,NULL,NULL,'569',0.00,'2910',0.00,NULL),(61,'IS4','2020-07-01','2020-07-10',NULL,0,1103010053,NULL,1102040003,NULL,NULL,NULL,425000.00,'INSTALLMENT 8',NULL,1.00,8500000.00,NULL,NULL,NULL,NULL,'569',0.00,'2910',0.00,NULL),(62,'IS4','2020-10-01','2020-10-10',NULL,0,1103010053,NULL,1102040003,NULL,NULL,NULL,425000.00,'INSTALLMENT 9',NULL,1.00,8500000.00,NULL,NULL,NULL,NULL,'569',0.00,'2910',0.00,NULL),(63,'IS4','2021-01-01','2021-01-10',NULL,0,1103010053,NULL,1102040003,NULL,NULL,NULL,425000.00,'INSTALLMENT 10',NULL,1.00,8500000.00,NULL,NULL,NULL,NULL,'569',0.00,'2910',0.00,NULL),(64,'IS4','2021-04-01','2021-04-10',NULL,0,1103010053,NULL,1102040003,NULL,NULL,NULL,425000.00,'INSTALLMENT 11',NULL,1.00,8500000.00,NULL,NULL,NULL,NULL,'569',0.00,'2910',0.00,NULL),(65,'IS4','2021-07-01','2021-07-10',NULL,0,1103010053,NULL,1102040003,NULL,NULL,NULL,425000.00,'INSTALLMENT 12',NULL,1.00,8500000.00,NULL,NULL,NULL,NULL,'569',0.00,'2910',0.00,NULL),(66,'IS4','2021-10-01','2021-10-10',NULL,0,1103010053,NULL,1102040003,NULL,NULL,NULL,425000.00,'INSTALLMENT 13',NULL,1.00,8500000.00,NULL,NULL,NULL,NULL,'569',0.00,'2910',0.00,NULL),(67,'IS4','2022-01-01','2022-01-10',NULL,0,1103010053,NULL,1102040003,NULL,NULL,NULL,425000.00,'INSTALLMENT 14',NULL,1.00,8500000.00,NULL,NULL,NULL,NULL,'569',0.00,'2910',0.00,NULL),(68,'DP5','2018-07-28','2018-08-12',NULL,0,1103010054,NULL,1102040001,NULL,NULL,NULL,2655000.00,'DOWN PAYMENT 1',NULL,1.00,17700000.00,NULL,NULL,NULL,NULL,'578',0.00,'3003',0.00,NULL),(69,'DP5','2018-08-28','2018-09-12',NULL,0,1103010054,NULL,1102040001,NULL,NULL,NULL,1770000.00,'DOWN PAYMENT 2',NULL,1.00,17700000.00,NULL,NULL,NULL,NULL,'578',0.00,'3003',0.00,NULL),(70,'DP5','2018-09-28','2018-10-12',NULL,0,1103010054,NULL,1102040001,NULL,NULL,NULL,885000.00,'DOWN PAYMENT 3',NULL,1.00,17700000.00,NULL,NULL,NULL,NULL,'578',0.00,'3003',0.00,NULL),(71,'IS5','2019-01-01','2019-01-10',NULL,0,1103010054,NULL,1102040001,NULL,NULL,NULL,885000.00,'INSTALLMENT 1',NULL,1.00,17700000.00,NULL,NULL,NULL,NULL,'578',0.00,'3003',0.00,NULL),(72,'IS5','2019-04-01','2019-04-10',NULL,0,1103010054,NULL,1102040001,NULL,NULL,NULL,885000.00,'INSTALLMENT 2',NULL,1.00,17700000.00,NULL,NULL,NULL,NULL,'578',0.00,'3003',0.00,NULL),(73,'IS5','2019-07-01','2019-07-10',NULL,0,1103010054,NULL,1102040001,NULL,NULL,NULL,885000.00,'INSTALLMENT 3',NULL,1.00,17700000.00,NULL,NULL,NULL,NULL,'578',0.00,'3003',0.00,NULL),(74,'IS5','2019-10-01','2019-10-10',NULL,0,1103010054,NULL,1102040001,NULL,NULL,NULL,885000.00,'INSTALLMENT 4',NULL,1.00,17700000.00,NULL,NULL,NULL,NULL,'578',0.00,'3003',0.00,NULL),(75,'IS5','2020-01-01','2020-01-10',NULL,0,1103010054,NULL,1102040001,NULL,NULL,NULL,885000.00,'INSTALLMENT 5',NULL,1.00,17700000.00,NULL,NULL,NULL,NULL,'578',0.00,'3003',0.00,NULL),(76,'IS5','2020-04-01','2020-04-10',NULL,0,1103010054,NULL,1102040001,NULL,NULL,NULL,885000.00,'INSTALLMENT 6',NULL,1.00,17700000.00,NULL,NULL,NULL,NULL,'578',0.00,'3003',0.00,NULL),(77,'IS5','2020-07-01','2020-07-10',NULL,0,1103010054,NULL,1102040001,NULL,NULL,NULL,885000.00,'INSTALLMENT 7',NULL,1.00,17700000.00,NULL,NULL,NULL,NULL,'578',0.00,'3003',0.00,NULL),(78,'IS5','2020-10-01','2020-10-10',NULL,0,1103010054,NULL,1102040001,NULL,NULL,NULL,885000.00,'INSTALLMENT 8',NULL,1.00,17700000.00,NULL,NULL,NULL,NULL,'578',0.00,'3003',0.00,NULL),(79,'IS5','2021-01-01','2021-01-10',NULL,0,1103010054,NULL,1102040001,NULL,NULL,NULL,885000.00,'INSTALLMENT 9',NULL,1.00,17700000.00,NULL,NULL,NULL,NULL,'578',0.00,'3003',0.00,NULL),(80,'IS5','2021-04-01','2021-04-10',NULL,0,1103010054,NULL,1102040001,NULL,NULL,NULL,885000.00,'INSTALLMENT 10',NULL,1.00,17700000.00,NULL,NULL,NULL,NULL,'578',0.00,'3003',0.00,NULL),(81,'IS5','2021-07-01','2021-07-10',NULL,0,1103010054,NULL,1102040001,NULL,NULL,NULL,885000.00,'INSTALLMENT 11',NULL,1.00,17700000.00,NULL,NULL,NULL,NULL,'578',0.00,'3003',0.00,NULL),(82,'IS5','2021-10-01','2021-10-10',NULL,0,1103010054,NULL,1102040001,NULL,NULL,NULL,885000.00,'INSTALLMENT 12',NULL,1.00,17700000.00,NULL,NULL,NULL,NULL,'578',0.00,'3003',0.00,NULL),(83,'IS5','2022-01-01','2022-01-10',NULL,0,1103010054,NULL,1102040001,NULL,NULL,NULL,885000.00,'INSTALLMENT 13',NULL,1.00,17700000.00,NULL,NULL,NULL,NULL,'578',0.00,'3003',0.00,NULL),(84,'IS5','2022-04-01','2022-04-10',NULL,0,1103010054,NULL,1102040001,NULL,NULL,NULL,885000.00,'INSTALLMENT 14',NULL,1.00,17700000.00,NULL,NULL,NULL,NULL,'578',0.00,'3003',0.00,NULL),(85,'DP6','2018-07-28','2018-08-12',NULL,0,1103010056,NULL,1102040009,NULL,NULL,NULL,1468000.00,'DOWN PAYMENT 1',NULL,1.00,14680000.00,NULL,NULL,NULL,NULL,'630',0.00,'G08',0.00,NULL),(86,'DP6','2018-08-28','2018-09-12',NULL,0,1103010056,NULL,1102040009,NULL,NULL,NULL,1468000.00,'DOWN PAYMENT 2',NULL,1.00,14680000.00,NULL,NULL,NULL,NULL,'630',0.00,'G08',0.00,NULL),(87,'DP6','2018-09-28','2018-10-12',NULL,0,1103010056,NULL,1102040009,NULL,NULL,NULL,1468000.00,'DOWN PAYMENT 3',NULL,1.00,14680000.00,NULL,NULL,NULL,NULL,'630',0.00,'G08',0.00,NULL),(88,'IS6','2019-01-01','2019-01-10',NULL,0,1103010056,NULL,1102040009,NULL,NULL,NULL,734000.00,'INSTALLMENT 1',NULL,1.00,14680000.00,NULL,NULL,NULL,NULL,'630',0.00,'G08',0.00,NULL),(89,'IS6','2019-04-01','2019-04-10',NULL,0,1103010056,NULL,1102040009,NULL,NULL,NULL,734000.00,'INSTALLMENT 2',NULL,1.00,14680000.00,NULL,NULL,NULL,NULL,'630',0.00,'G08',0.00,NULL),(90,'IS6','2019-07-01','2019-07-10',NULL,0,1103010056,NULL,1102040009,NULL,NULL,NULL,734000.00,'INSTALLMENT 3',NULL,1.00,14680000.00,NULL,NULL,NULL,NULL,'630',0.00,'G08',0.00,NULL),(91,'IS6','2019-10-01','2019-10-10',NULL,0,1103010056,NULL,1102040009,NULL,NULL,NULL,734000.00,'INSTALLMENT 4',NULL,1.00,14680000.00,NULL,NULL,NULL,NULL,'630',0.00,'G08',0.00,NULL),(92,'IS6','2020-01-01','2020-01-10',NULL,0,1103010056,NULL,1102040009,NULL,NULL,NULL,734000.00,'INSTALLMENT 5',NULL,1.00,14680000.00,NULL,NULL,NULL,NULL,'630',0.00,'G08',0.00,NULL),(93,'IS6','2020-04-01','2020-04-10',NULL,0,1103010056,NULL,1102040009,NULL,NULL,NULL,734000.00,'INSTALLMENT 6',NULL,1.00,14680000.00,NULL,NULL,NULL,NULL,'630',0.00,'G08',0.00,NULL),(94,'IS6','2020-07-01','2020-07-10',NULL,0,1103010056,NULL,1102040009,NULL,NULL,NULL,734000.00,'INSTALLMENT 7',NULL,1.00,14680000.00,NULL,NULL,NULL,NULL,'630',0.00,'G08',0.00,NULL),(95,'IS6','2020-10-01','2020-10-10',NULL,0,1103010056,NULL,1102040009,NULL,NULL,NULL,734000.00,'INSTALLMENT 8',NULL,1.00,14680000.00,NULL,NULL,NULL,NULL,'630',0.00,'G08',0.00,NULL),(96,'IS6','2021-01-01','2021-01-10',NULL,0,1103010056,NULL,1102040009,NULL,NULL,NULL,734000.00,'INSTALLMENT 9',NULL,1.00,14680000.00,NULL,NULL,NULL,NULL,'630',0.00,'G08',0.00,NULL),(97,'IS6','2021-04-01','2021-04-10',NULL,0,1103010056,NULL,1102040009,NULL,NULL,NULL,734000.00,'INSTALLMENT 10',NULL,1.00,14680000.00,NULL,NULL,NULL,NULL,'630',0.00,'G08',0.00,NULL),(98,'IS6','2021-07-01','2021-07-10',NULL,0,1103010056,NULL,1102040009,NULL,NULL,NULL,734000.00,'INSTALLMENT 11',NULL,1.00,14680000.00,NULL,NULL,NULL,NULL,'630',0.00,'G08',0.00,NULL),(99,'IS6','2021-10-01','2021-10-10',NULL,0,1103010056,NULL,1102040009,NULL,NULL,NULL,734000.00,'INSTALLMENT 12',NULL,1.00,14680000.00,NULL,NULL,NULL,NULL,'630',0.00,'G08',0.00,NULL),(100,'IS6','2022-01-01','2022-01-10',NULL,0,1103010056,NULL,1102040009,NULL,NULL,NULL,734000.00,'INSTALLMENT 13',NULL,1.00,14680000.00,NULL,NULL,NULL,NULL,'630',0.00,'G08',0.00,NULL),(101,'IS6','2022-04-01','2022-04-10',NULL,0,1103010056,NULL,1102040009,NULL,NULL,NULL,734000.00,'INSTALLMENT 14',NULL,1.00,14680000.00,NULL,NULL,NULL,NULL,'630',0.00,'G08',0.00,NULL),(102,'DP7','2018-07-28','2018-08-12',NULL,0,1103010057,NULL,1102040008,NULL,NULL,NULL,1442000.00,'DOWN PAYMENT 1',NULL,1.00,14420000.00,NULL,NULL,NULL,NULL,'639',0.00,'103',0.00,NULL),(103,'DP7','2018-08-28','2018-09-12',NULL,0,1103010057,NULL,1102040008,NULL,NULL,NULL,1442000.00,'DOWN PAYMENT 2',NULL,1.00,14420000.00,NULL,NULL,NULL,NULL,'639',0.00,'103',0.00,NULL),(104,'DP7','2018-09-28','2018-10-12',NULL,0,1103010057,NULL,1102040008,NULL,NULL,NULL,1442000.00,'DOWN PAYMENT 3',NULL,1.00,14420000.00,NULL,NULL,NULL,NULL,'639',0.00,'103',0.00,NULL),(105,'IS7','2019-01-01','2019-01-10',NULL,0,1103010057,NULL,1102040008,NULL,NULL,NULL,721000.00,'INSTALLMENT 1',NULL,1.00,14420000.00,NULL,NULL,NULL,NULL,'639',0.00,'103',0.00,NULL),(106,'IS7','2019-04-01','2019-04-10',NULL,0,1103010057,NULL,1102040008,NULL,NULL,NULL,721000.00,'INSTALLMENT 2',NULL,1.00,14420000.00,NULL,NULL,NULL,NULL,'639',0.00,'103',0.00,NULL),(107,'IS7','2019-07-01','2019-07-10',NULL,0,1103010057,NULL,1102040008,NULL,NULL,NULL,721000.00,'INSTALLMENT 3',NULL,1.00,14420000.00,NULL,NULL,NULL,NULL,'639',0.00,'103',0.00,NULL),(108,'IS7','2019-10-01','2019-10-10',NULL,0,1103010057,NULL,1102040008,NULL,NULL,NULL,721000.00,'INSTALLMENT 4',NULL,1.00,14420000.00,NULL,NULL,NULL,NULL,'639',0.00,'103',0.00,NULL),(109,'IS7','2020-01-01','2020-01-10',NULL,0,1103010057,NULL,1102040008,NULL,NULL,NULL,721000.00,'INSTALLMENT 5',NULL,1.00,14420000.00,NULL,NULL,NULL,NULL,'639',0.00,'103',0.00,NULL),(110,'IS7','2020-04-01','2020-04-10',NULL,0,1103010057,NULL,1102040008,NULL,NULL,NULL,721000.00,'INSTALLMENT 6',NULL,1.00,14420000.00,NULL,NULL,NULL,NULL,'639',0.00,'103',0.00,NULL),(111,'IS7','2020-07-01','2020-07-10',NULL,0,1103010057,NULL,1102040008,NULL,NULL,NULL,721000.00,'INSTALLMENT 7',NULL,1.00,14420000.00,NULL,NULL,NULL,NULL,'639',0.00,'103',0.00,NULL),(112,'IS7','2020-10-01','2020-10-10',NULL,0,1103010057,NULL,1102040008,NULL,NULL,NULL,721000.00,'INSTALLMENT 8',NULL,1.00,14420000.00,NULL,NULL,NULL,NULL,'639',0.00,'103',0.00,NULL),(113,'IS7','2021-01-01','2021-01-10',NULL,0,1103010057,NULL,1102040008,NULL,NULL,NULL,721000.00,'INSTALLMENT 9',NULL,1.00,14420000.00,NULL,NULL,NULL,NULL,'639',0.00,'103',0.00,NULL),(114,'IS7','2021-04-01','2021-04-10',NULL,0,1103010057,NULL,1102040008,NULL,NULL,NULL,721000.00,'INSTALLMENT 10',NULL,1.00,14420000.00,NULL,NULL,NULL,NULL,'639',0.00,'103',0.00,NULL),(115,'IS7','2021-07-01','2021-07-10',NULL,0,1103010057,NULL,1102040008,NULL,NULL,NULL,721000.00,'INSTALLMENT 11',NULL,1.00,14420000.00,NULL,NULL,NULL,NULL,'639',0.00,'103',0.00,NULL),(116,'IS7','2021-10-01','2021-10-10',NULL,0,1103010057,NULL,1102040008,NULL,NULL,NULL,721000.00,'INSTALLMENT 12',NULL,1.00,14420000.00,NULL,NULL,NULL,NULL,'639',0.00,'103',0.00,NULL),(117,'IS7','2022-01-01','2022-01-10',NULL,0,1103010057,NULL,1102040008,NULL,NULL,NULL,721000.00,'INSTALLMENT 13',NULL,1.00,14420000.00,NULL,NULL,NULL,NULL,'639',0.00,'103',0.00,NULL),(118,'IS7','2022-04-01','2022-04-10',NULL,0,1103010057,NULL,1102040008,NULL,NULL,NULL,721000.00,'INSTALLMENT 14',NULL,1.00,14420000.00,NULL,NULL,NULL,NULL,'639',0.00,'103',0.00,NULL),(119,'DP8','2018-07-28','2018-08-12',NULL,0,1103010058,NULL,1102040003,NULL,NULL,NULL,1275000.00,'DOWN PAYMENT 1',NULL,1.00,8500000.00,NULL,NULL,NULL,NULL,'570',0.00,'2911',0.00,NULL),(120,'DP8','2018-08-28','2018-09-12',NULL,0,1103010058,NULL,1102040003,NULL,NULL,NULL,1275000.00,'DOWN PAYMENT 2',NULL,1.00,8500000.00,NULL,NULL,NULL,NULL,'570',0.00,'2911',0.00,NULL),(121,'IS8','2018-10-01','2018-10-10',NULL,0,1103010058,NULL,1102040003,NULL,NULL,NULL,425000.00,'INSTALLMENT 1',NULL,1.00,8500000.00,NULL,NULL,NULL,NULL,'570',0.00,'2911',0.00,NULL),(122,'IS8','2019-01-01','2019-01-10',NULL,0,1103010058,NULL,1102040003,NULL,NULL,NULL,425000.00,'INSTALLMENT 2',NULL,1.00,8500000.00,NULL,NULL,NULL,NULL,'570',0.00,'2911',0.00,NULL),(123,'IS8','2019-04-01','2019-04-10',NULL,0,1103010058,NULL,1102040003,NULL,NULL,NULL,425000.00,'INSTALLMENT 3',NULL,1.00,8500000.00,NULL,NULL,NULL,NULL,'570',0.00,'2911',0.00,NULL),(124,'IS8','2019-07-01','2019-07-10',NULL,0,1103010058,NULL,1102040003,NULL,NULL,NULL,425000.00,'INSTALLMENT 4',NULL,1.00,8500000.00,NULL,NULL,NULL,NULL,'570',0.00,'2911',0.00,NULL),(125,'IS8','2019-10-01','2019-10-10',NULL,0,1103010058,NULL,1102040003,NULL,NULL,NULL,425000.00,'INSTALLMENT 5',NULL,1.00,8500000.00,NULL,NULL,NULL,NULL,'570',0.00,'2911',0.00,NULL),(126,'IS8','2020-01-01','2020-01-10',NULL,0,1103010058,NULL,1102040003,NULL,NULL,NULL,425000.00,'INSTALLMENT 6',NULL,1.00,8500000.00,NULL,NULL,NULL,NULL,'570',0.00,'2911',0.00,NULL),(127,'IS8','2020-04-01','2020-04-10',NULL,0,1103010058,NULL,1102040003,NULL,NULL,NULL,425000.00,'INSTALLMENT 7',NULL,1.00,8500000.00,NULL,NULL,NULL,NULL,'570',0.00,'2911',0.00,NULL),(128,'IS8','2020-07-01','2020-07-10',NULL,0,1103010058,NULL,1102040003,NULL,NULL,NULL,425000.00,'INSTALLMENT 8',NULL,1.00,8500000.00,NULL,NULL,NULL,NULL,'570',0.00,'2911',0.00,NULL),(129,'IS8','2020-10-01','2020-10-10',NULL,0,1103010058,NULL,1102040003,NULL,NULL,NULL,425000.00,'INSTALLMENT 9',NULL,1.00,8500000.00,NULL,NULL,NULL,NULL,'570',0.00,'2911',0.00,NULL),(130,'IS8','2021-01-01','2021-01-10',NULL,0,1103010058,NULL,1102040003,NULL,NULL,NULL,425000.00,'INSTALLMENT 10',NULL,1.00,8500000.00,NULL,NULL,NULL,NULL,'570',0.00,'2911',0.00,NULL),(131,'IS8','2021-04-01','2021-04-10',NULL,0,1103010058,NULL,1102040003,NULL,NULL,NULL,425000.00,'INSTALLMENT 11',NULL,1.00,8500000.00,NULL,NULL,NULL,NULL,'570',0.00,'2911',0.00,NULL),(132,'IS8','2021-07-01','2021-07-10',NULL,0,1103010058,NULL,1102040003,NULL,NULL,NULL,425000.00,'INSTALLMENT 12',NULL,1.00,8500000.00,NULL,NULL,NULL,NULL,'570',0.00,'2911',0.00,NULL),(133,'IS8','2021-10-01','2021-10-10',NULL,0,1103010058,NULL,1102040003,NULL,NULL,NULL,425000.00,'INSTALLMENT 13',NULL,1.00,8500000.00,NULL,NULL,NULL,NULL,'570',0.00,'2911',0.00,NULL),(134,'IS8','2022-01-01','2022-01-10',NULL,0,1103010058,NULL,1102040003,NULL,NULL,NULL,425000.00,'INSTALLMENT 14',NULL,1.00,8500000.00,NULL,NULL,NULL,NULL,'570',0.00,'2911',0.00,NULL),(152,'DP10','2018-07-28','2018-08-12',NULL,0,1103010060,NULL,1102040007,NULL,NULL,NULL,1410000.00,'DOWN PAYMENT 1',NULL,1.00,4700000.00,NULL,NULL,NULL,NULL,'576',0.00,'2913',0.00,NULL),(153,'IS10','2018-10-01','2018-10-10',NULL,0,1103010060,NULL,1102040007,NULL,NULL,NULL,235000.00,'INSTALLMENT 1',NULL,1.00,4700000.00,NULL,NULL,NULL,NULL,'576',0.00,'2913',0.00,NULL),(154,'IS10','2019-01-01','2019-01-10',NULL,0,1103010060,NULL,1102040007,NULL,NULL,NULL,235000.00,'INSTALLMENT 2',NULL,1.00,4700000.00,NULL,NULL,NULL,NULL,'576',0.00,'2913',0.00,NULL),(155,'IS10','2019-04-01','2019-04-10',NULL,0,1103010060,NULL,1102040007,NULL,NULL,NULL,235000.00,'INSTALLMENT 3',NULL,1.00,4700000.00,NULL,NULL,NULL,NULL,'576',0.00,'2913',0.00,NULL),(156,'IS10','2019-07-01','2019-07-10',NULL,0,1103010060,NULL,1102040007,NULL,NULL,NULL,235000.00,'INSTALLMENT 4',NULL,1.00,4700000.00,NULL,NULL,NULL,NULL,'576',0.00,'2913',0.00,NULL),(157,'IS10','2019-10-01','2019-10-10',NULL,0,1103010060,NULL,1102040007,NULL,NULL,NULL,235000.00,'INSTALLMENT 5',NULL,1.00,4700000.00,NULL,NULL,NULL,NULL,'576',0.00,'2913',0.00,NULL),(158,'IS10','2020-01-01','2020-01-10',NULL,0,1103010060,NULL,1102040007,NULL,NULL,NULL,235000.00,'INSTALLMENT 6',NULL,1.00,4700000.00,NULL,NULL,NULL,NULL,'576',0.00,'2913',0.00,NULL),(159,'IS10','2020-04-01','2020-04-10',NULL,0,1103010060,NULL,1102040007,NULL,NULL,NULL,235000.00,'INSTALLMENT 7',NULL,1.00,4700000.00,NULL,NULL,NULL,NULL,'576',0.00,'2913',0.00,NULL),(160,'IS10','2020-07-01','2020-07-10',NULL,0,1103010060,NULL,1102040007,NULL,NULL,NULL,235000.00,'INSTALLMENT 8',NULL,1.00,4700000.00,NULL,NULL,NULL,NULL,'576',0.00,'2913',0.00,NULL),(161,'IS10','2020-10-01','2020-10-10',NULL,0,1103010060,NULL,1102040007,NULL,NULL,NULL,235000.00,'INSTALLMENT 9',NULL,1.00,4700000.00,NULL,NULL,NULL,NULL,'576',0.00,'2913',0.00,NULL),(162,'IS10','2021-01-01','2021-01-10',NULL,0,1103010060,NULL,1102040007,NULL,NULL,NULL,235000.00,'INSTALLMENT 10',NULL,1.00,4700000.00,NULL,NULL,NULL,NULL,'576',0.00,'2913',0.00,NULL),(163,'IS10','2021-04-01','2021-04-10',NULL,0,1103010060,NULL,1102040007,NULL,NULL,NULL,235000.00,'INSTALLMENT 11',NULL,1.00,4700000.00,NULL,NULL,NULL,NULL,'576',0.00,'2913',0.00,NULL),(164,'IS10','2021-07-01','2021-07-10',NULL,0,1103010060,NULL,1102040007,NULL,NULL,NULL,235000.00,'INSTALLMENT 12',NULL,1.00,4700000.00,NULL,NULL,NULL,NULL,'576',0.00,'2913',0.00,NULL),(165,'IS10','2021-10-01','2021-10-10',NULL,0,1103010060,NULL,1102040007,NULL,NULL,NULL,235000.00,'INSTALLMENT 13',NULL,1.00,4700000.00,NULL,NULL,NULL,NULL,'576',0.00,'2913',0.00,NULL),(166,'IS10','2022-01-01','2022-01-10',NULL,0,1103010060,NULL,1102040007,NULL,NULL,NULL,235000.00,'INSTALLMENT 14',NULL,1.00,4700000.00,NULL,NULL,NULL,NULL,'576',0.00,'2913',0.00,NULL),(167,'DP10','2018-07-28','2018-08-12',NULL,0,1103010061,NULL,1102040006,NULL,NULL,NULL,2130000.00,'DOWN PAYMENT 1',NULL,1.00,14200000.00,NULL,NULL,NULL,NULL,'562',0.00,'2808',0.00,NULL),(168,'DP10','2018-08-28','2018-09-12',NULL,0,1103010061,NULL,1102040006,NULL,NULL,NULL,1420000.00,'DOWN PAYMENT 2',NULL,1.00,14200000.00,NULL,NULL,NULL,NULL,'562',0.00,'2808',0.00,NULL),(169,'DP10','2018-09-28','2018-10-12',NULL,0,1103010061,NULL,1102040006,NULL,NULL,NULL,710000.00,'DOWN PAYMENT 3',NULL,1.00,14200000.00,NULL,NULL,NULL,NULL,'562',0.00,'2808',0.00,NULL),(170,'IS10','2019-01-01','2019-01-10',NULL,0,1103010061,NULL,1102040006,NULL,NULL,NULL,710000.00,'INSTALLMENT 1',NULL,1.00,14200000.00,NULL,NULL,NULL,NULL,'562',0.00,'2808',0.00,NULL),(171,'IS10','2019-04-01','2019-04-10',NULL,0,1103010061,NULL,1102040006,NULL,NULL,NULL,710000.00,'INSTALLMENT 2',NULL,1.00,14200000.00,NULL,NULL,NULL,NULL,'562',0.00,'2808',0.00,NULL),(172,'IS10','2019-07-01','2019-07-10',NULL,0,1103010061,NULL,1102040006,NULL,NULL,NULL,710000.00,'INSTALLMENT 3',NULL,1.00,14200000.00,NULL,NULL,NULL,NULL,'562',0.00,'2808',0.00,NULL),(173,'IS10','2019-10-01','2019-10-10',NULL,0,1103010061,NULL,1102040006,NULL,NULL,NULL,710000.00,'INSTALLMENT 4',NULL,1.00,14200000.00,NULL,NULL,NULL,NULL,'562',0.00,'2808',0.00,NULL),(174,'IS10','2020-01-01','2020-01-10',NULL,0,1103010061,NULL,1102040006,NULL,NULL,NULL,710000.00,'INSTALLMENT 5',NULL,1.00,14200000.00,NULL,NULL,NULL,NULL,'562',0.00,'2808',0.00,NULL),(175,'IS10','2020-04-01','2020-04-10',NULL,0,1103010061,NULL,1102040006,NULL,NULL,NULL,710000.00,'INSTALLMENT 6',NULL,1.00,14200000.00,NULL,NULL,NULL,NULL,'562',0.00,'2808',0.00,NULL),(176,'IS10','2020-07-01','2020-07-10',NULL,0,1103010061,NULL,1102040006,NULL,NULL,NULL,710000.00,'INSTALLMENT 7',NULL,1.00,14200000.00,NULL,NULL,NULL,NULL,'562',0.00,'2808',0.00,NULL),(177,'IS10','2020-10-01','2020-10-10',NULL,0,1103010061,NULL,1102040006,NULL,NULL,NULL,710000.00,'INSTALLMENT 8',NULL,1.00,14200000.00,NULL,NULL,NULL,NULL,'562',0.00,'2808',0.00,NULL),(178,'IS10','2021-01-01','2021-01-10',NULL,0,1103010061,NULL,1102040006,NULL,NULL,NULL,710000.00,'INSTALLMENT 9',NULL,1.00,14200000.00,NULL,NULL,NULL,NULL,'562',0.00,'2808',0.00,NULL),(179,'IS10','2021-04-01','2021-04-10',NULL,0,1103010061,NULL,1102040006,NULL,NULL,NULL,710000.00,'INSTALLMENT 10',NULL,1.00,14200000.00,NULL,NULL,NULL,NULL,'562',0.00,'2808',0.00,NULL),(180,'IS10','2021-07-01','2021-07-10',NULL,0,1103010061,NULL,1102040006,NULL,NULL,NULL,710000.00,'INSTALLMENT 11',NULL,1.00,14200000.00,NULL,NULL,NULL,NULL,'562',0.00,'2808',0.00,NULL),(181,'IS10','2021-10-01','2021-10-10',NULL,0,1103010061,NULL,1102040006,NULL,NULL,NULL,710000.00,'INSTALLMENT 12',NULL,1.00,14200000.00,NULL,NULL,NULL,NULL,'562',0.00,'2808',0.00,NULL),(182,'IS10','2022-01-01','2022-01-10',NULL,0,1103010061,NULL,1102040006,NULL,NULL,NULL,710000.00,'INSTALLMENT 13',NULL,1.00,14200000.00,NULL,NULL,NULL,NULL,'562',0.00,'2808',0.00,NULL),(183,'IS10','2022-04-01','2022-04-10',NULL,0,1103010061,NULL,1102040006,NULL,NULL,NULL,710000.00,'INSTALLMENT 14',NULL,1.00,14200000.00,NULL,NULL,NULL,NULL,'562',0.00,'2808',0.00,NULL),(184,'DP9','2018-07-28','2018-08-12',NULL,0,1103010059,NULL,1102040006,NULL,NULL,NULL,2130000.00,'DOWN PAYMENT 1',NULL,1.00,14200000.00,NULL,NULL,NULL,NULL,'588',0.00,'3008',0.00,NULL),(185,'DP9','2018-08-28','2018-09-12',NULL,0,1103010059,NULL,1102040006,NULL,NULL,NULL,1420000.00,'DOWN PAYMENT 2',NULL,1.00,14200000.00,NULL,NULL,NULL,NULL,'588',0.00,'3008',0.00,NULL),(186,'DP9','2018-09-28','2018-10-12',NULL,0,1103010059,NULL,1102040006,NULL,NULL,NULL,710000.00,'DOWN PAYMENT 3',NULL,1.00,14200000.00,NULL,NULL,NULL,NULL,'588',0.00,'3008',0.00,NULL),(187,'IS9','2019-01-01','2019-01-10',NULL,0,1103010059,NULL,1102040006,NULL,NULL,NULL,710000.00,'INSTALLMENT 1',NULL,1.00,14200000.00,NULL,NULL,NULL,NULL,'588',0.00,'3008',0.00,NULL),(188,'IS9','2019-04-01','2019-04-10',NULL,0,1103010059,NULL,1102040006,NULL,NULL,NULL,710000.00,'INSTALLMENT 2',NULL,1.00,14200000.00,NULL,NULL,NULL,NULL,'588',0.00,'3008',0.00,NULL),(189,'IS9','2019-07-01','2019-07-10',NULL,0,1103010059,NULL,1102040006,NULL,NULL,NULL,710000.00,'INSTALLMENT 3',NULL,1.00,14200000.00,NULL,NULL,NULL,NULL,'588',0.00,'3008',0.00,NULL),(190,'IS9','2019-10-01','2019-10-10',NULL,0,1103010059,NULL,1102040006,NULL,NULL,NULL,710000.00,'INSTALLMENT 4',NULL,1.00,14200000.00,NULL,NULL,NULL,NULL,'588',0.00,'3008',0.00,NULL),(191,'IS9','2020-01-01','2020-01-10',NULL,0,1103010059,NULL,1102040006,NULL,NULL,NULL,710000.00,'INSTALLMENT 5',NULL,1.00,14200000.00,NULL,NULL,NULL,NULL,'588',0.00,'3008',0.00,NULL),(192,'IS9','2020-04-01','2020-04-10',NULL,0,1103010059,NULL,1102040006,NULL,NULL,NULL,710000.00,'INSTALLMENT 6',NULL,1.00,14200000.00,NULL,NULL,NULL,NULL,'588',0.00,'3008',0.00,NULL),(193,'IS9','2020-07-01','2020-07-10',NULL,0,1103010059,NULL,1102040006,NULL,NULL,NULL,710000.00,'INSTALLMENT 7',NULL,1.00,14200000.00,NULL,NULL,NULL,NULL,'588',0.00,'3008',0.00,NULL),(194,'IS9','2020-10-01','2020-10-10',NULL,0,1103010059,NULL,1102040006,NULL,NULL,NULL,710000.00,'INSTALLMENT 8',NULL,1.00,14200000.00,NULL,NULL,NULL,NULL,'588',0.00,'3008',0.00,NULL),(195,'IS9','2021-01-01','2021-01-10',NULL,0,1103010059,NULL,1102040006,NULL,NULL,NULL,710000.00,'INSTALLMENT 9',NULL,1.00,14200000.00,NULL,NULL,NULL,NULL,'588',0.00,'3008',0.00,NULL),(196,'IS9','2021-04-01','2021-04-10',NULL,0,1103010059,NULL,1102040006,NULL,NULL,NULL,710000.00,'INSTALLMENT 10',NULL,1.00,14200000.00,NULL,NULL,NULL,NULL,'588',0.00,'3008',0.00,NULL),(197,'IS9','2021-07-01','2021-07-10',NULL,0,1103010059,NULL,1102040006,NULL,NULL,NULL,710000.00,'INSTALLMENT 11',NULL,1.00,14200000.00,NULL,NULL,NULL,NULL,'588',0.00,'3008',0.00,NULL),(198,'IS9','2021-10-01','2021-10-10',NULL,0,1103010059,NULL,1102040006,NULL,NULL,NULL,710000.00,'INSTALLMENT 12',NULL,1.00,14200000.00,NULL,NULL,NULL,NULL,'588',0.00,'3008',0.00,NULL),(199,'IS9','2022-01-01','2022-01-10',NULL,0,1103010059,NULL,1102040006,NULL,NULL,NULL,710000.00,'INSTALLMENT 13',NULL,1.00,14200000.00,NULL,NULL,NULL,NULL,'588',0.00,'3008',0.00,NULL),(200,'IS9','2022-04-01','2022-04-10',NULL,0,1103010059,NULL,1102040006,NULL,NULL,NULL,710000.00,'INSTALLMENT 14',NULL,1.00,14200000.00,NULL,NULL,NULL,NULL,'588',0.00,'3008',0.00,NULL),(201,'DP10','2018-07-28','2018-08-12',NULL,0,1103010055,NULL,1102040003,NULL,NULL,NULL,1275000.00,'DOWN PAYMENT 1',NULL,1.00,8500000.00,NULL,NULL,NULL,NULL,'581',0.00,'3005',0.00,NULL),(202,'DP10','2018-08-28','2018-09-12',NULL,0,1103010055,NULL,1102040003,NULL,NULL,NULL,1275000.00,'DOWN PAYMENT 2',NULL,1.00,8500000.00,NULL,NULL,NULL,NULL,'581',0.00,'3005',0.00,NULL),(203,'IS10','2018-10-01','2018-10-10',NULL,0,1103010055,NULL,1102040003,NULL,NULL,NULL,425000.00,'INSTALLMENT 1',NULL,1.00,8500000.00,NULL,NULL,NULL,NULL,'581',0.00,'3005',0.00,NULL),(204,'IS10','2019-01-01','2019-01-10',NULL,0,1103010055,NULL,1102040003,NULL,NULL,NULL,425000.00,'INSTALLMENT 2',NULL,1.00,8500000.00,NULL,NULL,NULL,NULL,'581',0.00,'3005',0.00,NULL),(205,'IS10','2019-04-01','2019-04-10',NULL,0,1103010055,NULL,1102040003,NULL,NULL,NULL,425000.00,'INSTALLMENT 3',NULL,1.00,8500000.00,NULL,NULL,NULL,NULL,'581',0.00,'3005',0.00,NULL),(206,'IS10','2019-07-01','2019-07-10',NULL,0,1103010055,NULL,1102040003,NULL,NULL,NULL,425000.00,'INSTALLMENT 4',NULL,1.00,8500000.00,NULL,NULL,NULL,NULL,'581',0.00,'3005',0.00,NULL),(207,'IS10','2019-10-01','2019-10-10',NULL,0,1103010055,NULL,1102040003,NULL,NULL,NULL,425000.00,'INSTALLMENT 5',NULL,1.00,8500000.00,NULL,NULL,NULL,NULL,'581',0.00,'3005',0.00,NULL),(208,'IS10','2020-01-01','2020-01-10',NULL,0,1103010055,NULL,1102040003,NULL,NULL,NULL,425000.00,'INSTALLMENT 6',NULL,1.00,8500000.00,NULL,NULL,NULL,NULL,'581',0.00,'3005',0.00,NULL),(209,'IS10','2020-04-01','2020-04-10',NULL,0,1103010055,NULL,1102040003,NULL,NULL,NULL,425000.00,'INSTALLMENT 7',NULL,1.00,8500000.00,NULL,NULL,NULL,NULL,'581',0.00,'3005',0.00,NULL),(210,'IS10','2020-07-01','2020-07-10',NULL,0,1103010055,NULL,1102040003,NULL,NULL,NULL,425000.00,'INSTALLMENT 8',NULL,1.00,8500000.00,NULL,NULL,NULL,NULL,'581',0.00,'3005',0.00,NULL),(211,'IS10','2020-10-01','2020-10-10',NULL,0,1103010055,NULL,1102040003,NULL,NULL,NULL,425000.00,'INSTALLMENT 9',NULL,1.00,8500000.00,NULL,NULL,NULL,NULL,'581',0.00,'3005',0.00,NULL),(212,'IS10','2021-01-01','2021-01-10',NULL,0,1103010055,NULL,1102040003,NULL,NULL,NULL,425000.00,'INSTALLMENT 10',NULL,1.00,8500000.00,NULL,NULL,NULL,NULL,'581',0.00,'3005',0.00,NULL),(213,'IS10','2021-04-01','2021-04-10',NULL,0,1103010055,NULL,1102040003,NULL,NULL,NULL,425000.00,'INSTALLMENT 11',NULL,1.00,8500000.00,NULL,NULL,NULL,NULL,'581',0.00,'3005',0.00,NULL),(214,'IS10','2021-07-01','2021-07-10',NULL,0,1103010055,NULL,1102040003,NULL,NULL,NULL,425000.00,'INSTALLMENT 12',NULL,1.00,8500000.00,NULL,NULL,NULL,NULL,'581',0.00,'3005',0.00,NULL),(215,'IS10','2021-10-01','2021-10-10',NULL,0,1103010055,NULL,1102040003,NULL,NULL,NULL,425000.00,'INSTALLMENT 13',NULL,1.00,8500000.00,NULL,NULL,NULL,NULL,'581',0.00,'3005',0.00,NULL),(216,'IS10','2022-01-01','2022-01-10',NULL,0,1103010055,NULL,1102040003,NULL,NULL,NULL,425000.00,'INSTALLMENT 14',NULL,1.00,8500000.00,NULL,NULL,NULL,NULL,'581',0.00,'3005',0.00,NULL),(233,'DP10','2018-08-14','2018-08-29',NULL,0,1103010062,NULL,1102040003,NULL,NULL,NULL,1020000.00,'DOWN PAYMENT 1',NULL,1.00,6800000.00,NULL,NULL,NULL,NULL,'286',0.00,'504',0.00,NULL),(234,'DP10','2018-09-14','2018-09-29',NULL,0,1103010062,NULL,1102040003,NULL,NULL,NULL,1020000.00,'DOWN PAYMENT 2',NULL,1.00,6800000.00,NULL,NULL,NULL,NULL,'286',0.00,'504',0.00,NULL),(235,'IS10','2018-10-01','2018-10-10',NULL,0,1103010062,NULL,1102040003,NULL,NULL,NULL,340000.00,'INSTALLMENT 1',NULL,1.00,6800000.00,NULL,NULL,NULL,NULL,'286',0.00,'504',0.00,NULL),(236,'IS10','2019-01-01','2019-01-10',NULL,0,1103010062,NULL,1102040003,NULL,NULL,NULL,340000.00,'INSTALLMENT 2',NULL,1.00,6800000.00,NULL,NULL,NULL,NULL,'286',0.00,'504',0.00,NULL),(237,'IS10','2019-04-01','2019-04-10',NULL,0,1103010062,NULL,1102040003,NULL,NULL,NULL,340000.00,'INSTALLMENT 3',NULL,1.00,6800000.00,NULL,NULL,NULL,NULL,'286',0.00,'504',0.00,NULL),(238,'IS10','2019-07-01','2019-07-10',NULL,0,1103010062,NULL,1102040003,NULL,NULL,NULL,340000.00,'INSTALLMENT 4',NULL,1.00,6800000.00,NULL,NULL,NULL,NULL,'286',0.00,'504',0.00,NULL),(239,'IS10','2019-10-01','2019-10-10',NULL,0,1103010062,NULL,1102040003,NULL,NULL,NULL,340000.00,'INSTALLMENT 5',NULL,1.00,6800000.00,NULL,NULL,NULL,NULL,'286',0.00,'504',0.00,NULL),(240,'IS10','2020-01-01','2020-01-10',NULL,0,1103010062,NULL,1102040003,NULL,NULL,NULL,340000.00,'INSTALLMENT 6',NULL,1.00,6800000.00,NULL,NULL,NULL,NULL,'286',0.00,'504',0.00,NULL),(241,'IS10','2020-04-01','2020-04-10',NULL,0,1103010062,NULL,1102040003,NULL,NULL,NULL,340000.00,'INSTALLMENT 7',NULL,1.00,6800000.00,NULL,NULL,NULL,NULL,'286',0.00,'504',0.00,NULL),(242,'IS10','2020-07-01','2020-07-10',NULL,0,1103010062,NULL,1102040003,NULL,NULL,NULL,340000.00,'INSTALLMENT 8',NULL,1.00,6800000.00,NULL,NULL,NULL,NULL,'286',0.00,'504',0.00,NULL),(243,'IS10','2020-10-01','2020-10-10',NULL,0,1103010062,NULL,1102040003,NULL,NULL,NULL,340000.00,'INSTALLMENT 9',NULL,1.00,6800000.00,NULL,NULL,NULL,NULL,'286',0.00,'504',0.00,NULL),(244,'IS10','2021-01-01','2021-01-10',NULL,0,1103010062,NULL,1102040003,NULL,NULL,NULL,340000.00,'INSTALLMENT 10',NULL,1.00,6800000.00,NULL,NULL,NULL,NULL,'286',0.00,'504',0.00,NULL),(245,'IS10','2021-04-01','2021-04-10',NULL,0,1103010062,NULL,1102040003,NULL,NULL,NULL,340000.00,'INSTALLMENT 11',NULL,1.00,6800000.00,NULL,NULL,NULL,NULL,'286',0.00,'504',0.00,NULL),(246,'IS10','2021-07-01','2021-07-10',NULL,0,1103010062,NULL,1102040003,NULL,NULL,NULL,340000.00,'INSTALLMENT 12',NULL,1.00,6800000.00,NULL,NULL,NULL,NULL,'286',0.00,'504',0.00,NULL),(247,'IS10','2021-10-01','2021-10-10',NULL,0,1103010062,NULL,1102040003,NULL,NULL,NULL,340000.00,'INSTALLMENT 13',NULL,1.00,6800000.00,NULL,NULL,NULL,NULL,'286',0.00,'504',0.00,NULL),(248,'IS10','2022-01-01','2022-01-10',NULL,0,1103010062,NULL,1102040003,NULL,NULL,NULL,340000.00,'INSTALLMENT 14',NULL,1.00,6800000.00,NULL,NULL,NULL,NULL,'286',0.00,'504',0.00,NULL),(249,'DP10','2018-08-19','2018-09-03',NULL,0,1103010063,NULL,1102040007,NULL,NULL,NULL,900000.00,'DOWN PAYMENT 1',NULL,1.00,3000000.00,NULL,NULL,NULL,NULL,'335',0.00,'813',0.00,NULL),(250,'IS10','2018-10-01','2018-10-10',NULL,0,1103010063,NULL,1102040007,NULL,NULL,NULL,150000.00,'INSTALLMENT 1',NULL,1.00,3000000.00,NULL,NULL,NULL,NULL,'335',0.00,'813',0.00,NULL),(251,'IS10','2019-01-01','2019-01-10',NULL,0,1103010063,NULL,1102040007,NULL,NULL,NULL,150000.00,'INSTALLMENT 2',NULL,1.00,3000000.00,NULL,NULL,NULL,NULL,'335',0.00,'813',0.00,NULL),(252,'IS10','2019-04-01','2019-04-10',NULL,0,1103010063,NULL,1102040007,NULL,NULL,NULL,150000.00,'INSTALLMENT 3',NULL,1.00,3000000.00,NULL,NULL,NULL,NULL,'335',0.00,'813',0.00,NULL),(253,'IS10','2019-07-01','2019-07-10',NULL,0,1103010063,NULL,1102040007,NULL,NULL,NULL,150000.00,'INSTALLMENT 4',NULL,1.00,3000000.00,NULL,NULL,NULL,NULL,'335',0.00,'813',0.00,NULL),(254,'IS10','2019-10-01','2019-10-10',NULL,0,1103010063,NULL,1102040007,NULL,NULL,NULL,150000.00,'INSTALLMENT 5',NULL,1.00,3000000.00,NULL,NULL,NULL,NULL,'335',0.00,'813',0.00,NULL),(255,'IS10','2020-01-01','2020-01-10',NULL,0,1103010063,NULL,1102040007,NULL,NULL,NULL,150000.00,'INSTALLMENT 6',NULL,1.00,3000000.00,NULL,NULL,NULL,NULL,'335',0.00,'813',0.00,NULL),(256,'IS10','2020-04-01','2020-04-10',NULL,0,1103010063,NULL,1102040007,NULL,NULL,NULL,150000.00,'INSTALLMENT 7',NULL,1.00,3000000.00,NULL,NULL,NULL,NULL,'335',0.00,'813',0.00,NULL),(257,'IS10','2020-07-01','2020-07-10',NULL,0,1103010063,NULL,1102040007,NULL,NULL,NULL,150000.00,'INSTALLMENT 8',NULL,1.00,3000000.00,NULL,NULL,NULL,NULL,'335',0.00,'813',0.00,NULL),(258,'IS10','2020-10-01','2020-10-10',NULL,0,1103010063,NULL,1102040007,NULL,NULL,NULL,150000.00,'INSTALLMENT 9',NULL,1.00,3000000.00,NULL,NULL,NULL,NULL,'335',0.00,'813',0.00,NULL),(259,'IS10','2021-01-01','2021-01-10',NULL,0,1103010063,NULL,1102040007,NULL,NULL,NULL,150000.00,'INSTALLMENT 10',NULL,1.00,3000000.00,NULL,NULL,NULL,NULL,'335',0.00,'813',0.00,NULL),(260,'IS10','2021-04-01','2021-04-10',NULL,0,1103010063,NULL,1102040007,NULL,NULL,NULL,150000.00,'INSTALLMENT 11',NULL,1.00,3000000.00,NULL,NULL,NULL,NULL,'335',0.00,'813',0.00,NULL),(261,'IS10','2021-07-01','2021-07-10',NULL,0,1103010063,NULL,1102040007,NULL,NULL,NULL,150000.00,'INSTALLMENT 12',NULL,1.00,3000000.00,NULL,NULL,NULL,NULL,'335',0.00,'813',0.00,NULL),(262,'IS10','2021-10-01','2021-10-10',NULL,0,1103010063,NULL,1102040007,NULL,NULL,NULL,150000.00,'INSTALLMENT 13',NULL,1.00,3000000.00,NULL,NULL,NULL,NULL,'335',0.00,'813',0.00,NULL),(263,'IS10','2022-01-01','2022-01-10',NULL,0,1103010063,NULL,1102040007,NULL,NULL,NULL,150000.00,'INSTALLMENT 14',NULL,1.00,3000000.00,NULL,NULL,NULL,NULL,'335',0.00,'813',0.00,NULL),(264,'DP10','2019-02-24','2019-03-11',NULL,0,1103010058,NULL,1102040002,NULL,NULL,NULL,2175000.00,'DOWN PAYMENT 1',NULL,1.00,14500000.00,NULL,NULL,NULL,NULL,'260',0.00,'302',0.00,NULL),(265,'DP10','2019-02-24','2019-03-11',NULL,0,1103010058,NULL,1102040002,NULL,NULL,NULL,2175000.00,'DOWN PAYMENT 1',NULL,1.00,14500000.00,NULL,NULL,NULL,NULL,'260',0.00,'302',0.00,NULL),(266,'DP10','2019-03-24','2019-04-11',NULL,0,1103010058,NULL,1102040002,NULL,NULL,NULL,1450000.00,'DOWN PAYMENT 2',NULL,1.00,14500000.00,NULL,NULL,NULL,NULL,'260',0.00,'302',0.00,NULL),(267,'DP10','2019-03-24','2019-04-11',NULL,0,1103010058,NULL,1102040002,NULL,NULL,NULL,1450000.00,'DOWN PAYMENT 2',NULL,1.00,14500000.00,NULL,NULL,NULL,NULL,'260',0.00,'302',0.00,NULL),(268,'DP10','2019-04-24','2019-05-11',NULL,0,1103010058,NULL,1102040002,NULL,NULL,NULL,725000.00,'DOWN PAYMENT 3',NULL,1.00,14500000.00,NULL,NULL,NULL,NULL,'260',0.00,'302',0.00,NULL),(269,'DP10','2019-04-24','2019-05-11',NULL,0,1103010058,NULL,1102040002,NULL,NULL,NULL,725000.00,'DOWN PAYMENT 3',NULL,1.00,14500000.00,NULL,NULL,NULL,NULL,'260',0.00,'302',0.00,NULL),(270,'IS10','2019-07-01','2019-07-10',NULL,0,1103010058,NULL,1102040002,NULL,NULL,NULL,725000.00,'INSTALLMENT 1',NULL,1.00,14500000.00,NULL,NULL,NULL,NULL,'260',0.00,'302',0.00,NULL),(271,'IS10','2019-10-01','2019-10-10',NULL,0,1103010058,NULL,1102040002,NULL,NULL,NULL,725000.00,'INSTALLMENT 2',NULL,1.00,14500000.00,NULL,NULL,NULL,NULL,'260',0.00,'302',0.00,NULL),(272,'IS10','2019-07-01','2019-07-10',NULL,0,1103010058,NULL,1102040002,NULL,NULL,NULL,725000.00,'INSTALLMENT 1',NULL,1.00,14500000.00,NULL,NULL,NULL,NULL,'260',0.00,'302',0.00,NULL),(273,'IS10','2019-10-01','2019-10-10',NULL,0,1103010058,NULL,1102040002,NULL,NULL,NULL,725000.00,'INSTALLMENT 2',NULL,1.00,14500000.00,NULL,NULL,NULL,NULL,'260',0.00,'302',0.00,NULL),(274,'IS10','2020-01-01','2020-01-10',NULL,0,1103010058,NULL,1102040002,NULL,NULL,NULL,725000.00,'INSTALLMENT 3',NULL,1.00,14500000.00,NULL,NULL,NULL,NULL,'260',0.00,'302',0.00,NULL),(275,'IS10','2020-01-01','2020-01-10',NULL,0,1103010058,NULL,1102040002,NULL,NULL,NULL,725000.00,'INSTALLMENT 3',NULL,1.00,14500000.00,NULL,NULL,NULL,NULL,'260',0.00,'302',0.00,NULL),(276,'IS10','2020-04-01','2020-04-10',NULL,0,1103010058,NULL,1102040002,NULL,NULL,NULL,725000.00,'INSTALLMENT 4',NULL,1.00,14500000.00,NULL,NULL,NULL,NULL,'260',0.00,'302',0.00,NULL),(277,'IS10','2020-07-01','2020-07-10',NULL,0,1103010058,NULL,1102040002,NULL,NULL,NULL,725000.00,'INSTALLMENT 5',NULL,1.00,14500000.00,NULL,NULL,NULL,NULL,'260',0.00,'302',0.00,NULL),(278,'IS10','2020-04-01','2020-04-10',NULL,0,1103010058,NULL,1102040002,NULL,NULL,NULL,725000.00,'INSTALLMENT 4',NULL,1.00,14500000.00,NULL,NULL,NULL,NULL,'260',0.00,'302',0.00,NULL),(279,'IS10','2020-10-01','2020-10-10',NULL,0,1103010058,NULL,1102040002,NULL,NULL,NULL,725000.00,'INSTALLMENT 6',NULL,1.00,14500000.00,NULL,NULL,NULL,NULL,'260',0.00,'302',0.00,NULL),(280,'IS10','2020-07-01','2020-07-10',NULL,0,1103010058,NULL,1102040002,NULL,NULL,NULL,725000.00,'INSTALLMENT 5',NULL,1.00,14500000.00,NULL,NULL,NULL,NULL,'260',0.00,'302',0.00,NULL),(281,'IS10','2021-01-01','2021-01-10',NULL,0,1103010058,NULL,1102040002,NULL,NULL,NULL,725000.00,'INSTALLMENT 7',NULL,1.00,14500000.00,NULL,NULL,NULL,NULL,'260',0.00,'302',0.00,NULL),(282,'IS10','2020-10-01','2020-10-10',NULL,0,1103010058,NULL,1102040002,NULL,NULL,NULL,725000.00,'INSTALLMENT 6',NULL,1.00,14500000.00,NULL,NULL,NULL,NULL,'260',0.00,'302',0.00,NULL),(283,'IS10','2021-04-01','2021-04-10',NULL,0,1103010058,NULL,1102040002,NULL,NULL,NULL,725000.00,'INSTALLMENT 8',NULL,1.00,14500000.00,NULL,NULL,NULL,NULL,'260',0.00,'302',0.00,NULL),(284,'IS10','2021-01-01','2021-01-10',NULL,0,1103010058,NULL,1102040002,NULL,NULL,NULL,725000.00,'INSTALLMENT 7',NULL,1.00,14500000.00,NULL,NULL,NULL,NULL,'260',0.00,'302',0.00,NULL),(285,'IS10','2021-07-01','2021-07-10',NULL,0,1103010058,NULL,1102040002,NULL,NULL,NULL,725000.00,'INSTALLMENT 9',NULL,1.00,14500000.00,NULL,NULL,NULL,NULL,'260',0.00,'302',0.00,NULL),(286,'IS10','2021-04-01','2021-04-10',NULL,0,1103010058,NULL,1102040002,NULL,NULL,NULL,725000.00,'INSTALLMENT 8',NULL,1.00,14500000.00,NULL,NULL,NULL,NULL,'260',0.00,'302',0.00,NULL),(287,'IS10','2021-10-01','2021-10-10',NULL,0,1103010058,NULL,1102040002,NULL,NULL,NULL,725000.00,'INSTALLMENT 10',NULL,1.00,14500000.00,NULL,NULL,NULL,NULL,'260',0.00,'302',0.00,NULL),(288,'IS10','2021-07-01','2021-07-10',NULL,0,1103010058,NULL,1102040002,NULL,NULL,NULL,725000.00,'INSTALLMENT 9',NULL,1.00,14500000.00,NULL,NULL,NULL,NULL,'260',0.00,'302',0.00,NULL),(289,'IS10','2022-01-01','2022-01-10',NULL,0,1103010058,NULL,1102040002,NULL,NULL,NULL,725000.00,'INSTALLMENT 11',NULL,1.00,14500000.00,NULL,NULL,NULL,NULL,'260',0.00,'302',0.00,NULL),(290,'IS10','2021-10-01','2021-10-10',NULL,0,1103010058,NULL,1102040002,NULL,NULL,NULL,725000.00,'INSTALLMENT 10',NULL,1.00,14500000.00,NULL,NULL,NULL,NULL,'260',0.00,'302',0.00,NULL),(291,'IS10','2022-04-01','2022-04-10',NULL,0,1103010058,NULL,1102040002,NULL,NULL,NULL,725000.00,'INSTALLMENT 12',NULL,1.00,14500000.00,NULL,NULL,NULL,NULL,'260',0.00,'302',0.00,NULL),(292,'IS10','2022-01-01','2022-01-10',NULL,0,1103010058,NULL,1102040002,NULL,NULL,NULL,725000.00,'INSTALLMENT 11',NULL,1.00,14500000.00,NULL,NULL,NULL,NULL,'260',0.00,'302',0.00,NULL),(293,'IS10','2022-07-01','2022-07-10',NULL,0,1103010058,NULL,1102040002,NULL,NULL,NULL,725000.00,'INSTALLMENT 13',NULL,1.00,14500000.00,NULL,NULL,NULL,NULL,'260',0.00,'302',0.00,NULL),(294,'IS10','2022-04-01','2022-04-10',NULL,0,1103010058,NULL,1102040002,NULL,NULL,NULL,725000.00,'INSTALLMENT 12',NULL,1.00,14500000.00,NULL,NULL,NULL,NULL,'260',0.00,'302',0.00,NULL),(295,'IS10','2022-07-01','2022-07-10',NULL,0,1103010058,NULL,1102040002,NULL,NULL,NULL,725000.00,'INSTALLMENT 13',NULL,1.00,14500000.00,NULL,NULL,NULL,NULL,'260',0.00,'302',0.00,NULL),(296,'IS10','2022-10-01','2022-10-10',NULL,0,1103010058,NULL,1102040002,NULL,NULL,NULL,725000.00,'INSTALLMENT 14',NULL,1.00,14500000.00,NULL,NULL,NULL,NULL,'260',0.00,'302',0.00,NULL),(297,'IS10','2022-10-01','2022-10-10',NULL,0,1103010058,NULL,1102040002,NULL,NULL,NULL,725000.00,'INSTALLMENT 14',NULL,1.00,14500000.00,NULL,NULL,NULL,NULL,'260',0.00,'302',0.00,NULL),(298,'DP10','2019-02-24','2019-03-11',NULL,0,1103010062,NULL,1102040007,NULL,NULL,NULL,1410000.00,'DOWN PAYMENT 1',NULL,1.00,4700000.00,NULL,NULL,NULL,NULL,'550',0.00,'2713',0.00,NULL),(299,'IS10','2019-04-01','2019-04-10',NULL,0,1103010062,NULL,1102040007,NULL,NULL,NULL,235000.00,'INSTALLMENT 1',NULL,1.00,4700000.00,NULL,NULL,NULL,NULL,'550',0.00,'2713',0.00,NULL),(300,'IS10','2019-07-01','2019-07-10',NULL,0,1103010062,NULL,1102040007,NULL,NULL,NULL,235000.00,'INSTALLMENT 2',NULL,1.00,4700000.00,NULL,NULL,NULL,NULL,'550',0.00,'2713',0.00,NULL),(301,'IS10','2019-10-01','2019-10-10',NULL,0,1103010062,NULL,1102040007,NULL,NULL,NULL,235000.00,'INSTALLMENT 3',NULL,1.00,4700000.00,NULL,NULL,NULL,NULL,'550',0.00,'2713',0.00,NULL),(302,'IS10','2020-01-01','2020-01-10',NULL,0,1103010062,NULL,1102040007,NULL,NULL,NULL,235000.00,'INSTALLMENT 4',NULL,1.00,4700000.00,NULL,NULL,NULL,NULL,'550',0.00,'2713',0.00,NULL),(303,'IS10','2020-04-01','2020-04-10',NULL,0,1103010062,NULL,1102040007,NULL,NULL,NULL,235000.00,'INSTALLMENT 5',NULL,1.00,4700000.00,NULL,NULL,NULL,NULL,'550',0.00,'2713',0.00,NULL),(304,'IS10','2020-07-01','2020-07-10',NULL,0,1103010062,NULL,1102040007,NULL,NULL,NULL,235000.00,'INSTALLMENT 6',NULL,1.00,4700000.00,NULL,NULL,NULL,NULL,'550',0.00,'2713',0.00,NULL),(305,'IS10','2020-10-01','2020-10-10',NULL,0,1103010062,NULL,1102040007,NULL,NULL,NULL,235000.00,'INSTALLMENT 7',NULL,1.00,4700000.00,NULL,NULL,NULL,NULL,'550',0.00,'2713',0.00,NULL),(306,'IS10','2021-01-01','2021-01-10',NULL,0,1103010062,NULL,1102040007,NULL,NULL,NULL,235000.00,'INSTALLMENT 8',NULL,1.00,4700000.00,NULL,NULL,NULL,NULL,'550',0.00,'2713',0.00,NULL),(307,'IS10','2021-04-01','2021-04-10',NULL,0,1103010062,NULL,1102040007,NULL,NULL,NULL,235000.00,'INSTALLMENT 9',NULL,1.00,4700000.00,NULL,NULL,NULL,NULL,'550',0.00,'2713',0.00,NULL),(308,'IS10','2021-07-01','2021-07-10',NULL,0,1103010062,NULL,1102040007,NULL,NULL,NULL,235000.00,'INSTALLMENT 10',NULL,1.00,4700000.00,NULL,NULL,NULL,NULL,'550',0.00,'2713',0.00,NULL),(309,'IS10','2021-10-01','2021-10-10',NULL,0,1103010062,NULL,1102040007,NULL,NULL,NULL,235000.00,'INSTALLMENT 11',NULL,1.00,4700000.00,NULL,NULL,NULL,NULL,'550',0.00,'2713',0.00,NULL),(310,'IS10','2022-01-01','2022-01-10',NULL,0,1103010062,NULL,1102040007,NULL,NULL,NULL,235000.00,'INSTALLMENT 12',NULL,1.00,4700000.00,NULL,NULL,NULL,NULL,'550',0.00,'2713',0.00,NULL),(311,'IS10','2022-04-01','2022-04-10',NULL,0,1103010062,NULL,1102040007,NULL,NULL,NULL,235000.00,'INSTALLMENT 13',NULL,1.00,4700000.00,NULL,NULL,NULL,NULL,'550',0.00,'2713',0.00,NULL),(312,'IS10','2022-07-01','2022-07-10',NULL,0,1103010062,NULL,1102040007,NULL,NULL,NULL,235000.00,'INSTALLMENT 14',NULL,1.00,4700000.00,NULL,NULL,NULL,NULL,'550',0.00,'2713',0.00,NULL),(317,'DP10','2019-02-08','2019-02-23',NULL,0,1103010001,NULL,1102040019,NULL,NULL,NULL,120000.00,'DOWN PAYMENT 1',NULL,1.00,1000000.00,NULL,NULL,NULL,NULL,'704',0.00,'P3',0.00,NULL),(318,'DP10','2019-03-08','2019-03-23',NULL,0,1103010001,NULL,1102040019,NULL,NULL,NULL,890000.00,'DOWN PAYMENT 2',NULL,1.00,1000000.00,NULL,NULL,NULL,NULL,'704',0.00,'P3',0.00,NULL),(319,'DP10','2019-02-08','2019-02-23',NULL,0,1103010001,NULL,1102040019,NULL,NULL,NULL,120000.00,'DOWN PAYMENT 1',NULL,1.00,1000000.00,NULL,NULL,NULL,NULL,'703',0.00,'Plot 1',0.00,NULL),(320,'DP10','2019-03-08','2019-03-23',NULL,0,1103010001,NULL,1102040019,NULL,NULL,NULL,890000.00,'DOWN PAYMENT 2',NULL,1.00,1000000.00,NULL,NULL,NULL,NULL,'703',0.00,'Plot 1',0.00,NULL);

/*Table structure for table `payment_plan` */

DROP TABLE IF EXISTS `payment_plan`;

CREATE TABLE `payment_plan` (
  `plan_id` int(11) NOT NULL AUTO_INCREMENT,
  `title` varchar(60) NOT NULL,
  `updated` date NOT NULL,
  `installment_rate` double(5,2) NOT NULL DEFAULT '5.00',
  `stock_id` int(11) DEFAULT NULL,
  `apartment_id` int(11) DEFAULT NULL,
  PRIMARY KEY (`plan_id`),
  KEY `stock_id` (`stock_id`),
  KEY `apartment_id` (`apartment_id`),
  CONSTRAINT `payment_plan_ibfk_1` FOREIGN KEY (`stock_id`) REFERENCES `account_stock` (`stock_id`) ON DELETE CASCADE,
  CONSTRAINT `payment_plan_ibfk_2` FOREIGN KEY (`apartment_id`) REFERENCES `apartment` (`apartment_id`) ON DELETE CASCADE
) ENGINE=InnoDB DEFAULT CHARSET=latin1;

/*Data for the table `payment_plan` */

/*Table structure for table `payment_plan_down` */

DROP TABLE IF EXISTS `payment_plan_down`;

CREATE TABLE `payment_plan_down` (
  `down_id` int(11) NOT NULL AUTO_INCREMENT,
  `title` varchar(80) DEFAULT NULL,
  `rate` double(5,2) NOT NULL DEFAULT '10.00',
  `sort_order` int(5) NOT NULL DEFAULT '1',
  `plan_id` int(11) NOT NULL DEFAULT '0',
  PRIMARY KEY (`down_id`),
  KEY `plan_id` (`plan_id`),
  CONSTRAINT `payment_plan_down_ibfk_1` FOREIGN KEY (`plan_id`) REFERENCES `payment_plan` (`plan_id`) ON DELETE CASCADE
) ENGINE=InnoDB DEFAULT CHARSET=latin1;

/*Data for the table `payment_plan_down` */

/*Table structure for table `report` */

DROP TABLE IF EXISTS `report`;

CREATE TABLE `report` (
  `stage_id` int(11) NOT NULL AUTO_INCREMENT,
  `title` varchar(36) DEFAULT NULL,
  `date` date DEFAULT NULL,
  `print_seq` int(3) DEFAULT NULL,
  `report_type` varchar(15) NOT NULL,
  `is_sub_total` tinyint(1) NOT NULL DEFAULT '0',
  `is_total` tinyint(1) NOT NULL DEFAULT '0',
  `is_working` tinyint(1) NOT NULL DEFAULT '0',
  PRIMARY KEY (`stage_id`)
) ENGINE=InnoDB AUTO_INCREMENT=53 DEFAULT CHARSET=latin1;

/*Data for the table `report` */

insert  into `report`(`stage_id`,`title`,`date`,`print_seq`,`report_type`,`is_sub_total`,`is_total`,`is_working`) values (19,'SALE','2018-07-11',1,'ProfitAndLoss',0,0,0),(20,'COST OF PROJECT','2018-07-11',2,'ProfitAndLoss',0,0,0),(21,'GROSS PROFIT','2018-07-11',3,'ProfitAndLoss',1,0,0),(22,'ADMIN & SELLING EXPENSES','2018-07-11',4,'ProfitAndLoss',0,0,0),(23,'OTHER INCOME','2018-07-11',5,'ProfitAndLoss',0,0,0),(24,'NET PROFIT / (LOSS)','2018-07-11',6,'ProfitAndLoss',0,1,0),(35,'Project Office ','2018-07-11',21,'BalanceSheet',0,0,0),(36,'Other Operating Assets','2018-07-11',22,'BalanceSheet',0,0,0),(37,'Total Non-Current Assets','2018-07-11',29,'BalanceSheet',1,0,0),(38,'Available Flats','2018-07-11',31,'BalanceSheet',0,0,0),(39,'Trade Receivable','2018-07-11',32,'BalanceSheet',0,0,0),(40,'Advance & Deposits','2018-07-11',33,'BalanceSheet',0,0,0),(41,'Cash & Banks Balances','2018-07-11',38,'BalanceSheet',0,0,0),(42,'Total Current Assets','2018-07-11',39,'BalanceSheet',1,0,0),(43,'Total Assets','2018-07-12',40,'BalanceSheet',0,1,0),(44,'Owner Capital','2018-07-12',41,'BalanceSheet',0,0,0),(45,'Unappropriated Profit / (Loss)','2018-07-12',42,'BalanceSheet',0,0,0),(46,'.Total Capital & Reserves','2018-07-12',49,'BalanceSheet',1,0,0),(47,'Long Term Liability ','2018-07-12',51,'BalanceSheet',0,0,0),(48,'Trade Payable','2018-07-12',61,'BalanceSheet',0,0,0),(49,'Other Payable','2018-07-12',62,'BalanceSheet',0,0,0),(50,'Total Current Liability','2018-07-12',69,'BalanceSheet',1,0,0),(51,'Total Capital & Liability','2018-07-12',70,'BalanceSheet',0,1,0),(52,'Total Long Term Liability','2018-07-12',59,'BalanceSheet',1,0,0);

/*Table structure for table `role` */

DROP TABLE IF EXISTS `role`;

CREATE TABLE `role` (
  `id` int(11) NOT NULL AUTO_INCREMENT,
  `name` varchar(45) DEFAULT NULL,
  `description` text,
  PRIMARY KEY (`id`)
) ENGINE=InnoDB AUTO_INCREMENT=10 DEFAULT CHARSET=utf8;

/*Data for the table `role` */

insert  into `role`(`id`,`name`,`description`) values (1,'ROLE_MASTER_ADMIN','master admin\r\n'),(9,'ROLE_SALESMAN','salesman access role');

/*Table structure for table `sale_lead` */

DROP TABLE IF EXISTS `sale_lead`;

CREATE TABLE `sale_lead` (
  `lead_id` int(11) NOT NULL AUTO_INCREMENT,
  `remarks` text,
  `salesman_id` int(11) DEFAULT NULL,
  `customer` varchar(60) NOT NULL,
  `apartment_number` varchar(15) NOT NULL,
  `created` date NOT NULL,
  `mobile` varchar(25) NOT NULL,
  `email` varchar(90) DEFAULT NULL,
  PRIMARY KEY (`lead_id`)
) ENGINE=InnoDB DEFAULT CHARSET=latin1;

/*Data for the table `sale_lead` */

/*Table structure for table `static_info` */

DROP TABLE IF EXISTS `static_info`;

CREATE TABLE `static_info` (
  `info_id` int(11) NOT NULL AUTO_INCREMENT,
  `company_name` varchar(50) DEFAULT NULL,
  `company_address` varchar(100) DEFAULT NULL,
  `address_secondary` varchar(100) DEFAULT NULL,
  `phone` varchar(15) DEFAULT NULL,
  `mobile` varchar(15) DEFAULT NULL,
  `tagline` varchar(15) DEFAULT NULL,
  `logo_image` longblob,
  `footer_image` longblob,
  `expense_head` int(10) DEFAULT NULL,
  `customer_head` int(10) DEFAULT NULL,
  `vendor_head` int(10) DEFAULT NULL,
  `product_head` int(10) DEFAULT NULL,
  `employee_head` int(10) DEFAULT NULL,
  `cash_in_hand` int(10) DEFAULT NULL,
  `bank_head` int(10) DEFAULT '0',
  `prefix_dc` varchar(7) DEFAULT NULL,
  `prefix_grn` varchar(7) DEFAULT NULL,
  `prefix_bill` varchar(7) DEFAULT NULL,
  `min_dc_number` int(5) NOT NULL DEFAULT '0',
  `min_bill_number` int(5) NOT NULL DEFAULT '0',
  `ntn` varchar(15) DEFAULT NULL,
  `strn` varchar(15) DEFAULT NULL,
  `max_form_rows` int(3) NOT NULL DEFAULT '100',
  `updated_date` date DEFAULT NULL,
  `project_name` varchar(56) DEFAULT NULL,
  `salary_account` int(10) DEFAULT '0',
  `discount_account` int(10) DEFAULT NULL,
  `conditions` text,
  `email_address` varchar(15) DEFAULT NULL,
  `email_password` varchar(125) DEFAULT 'PASSWORD',
  `email_body` text,
  `email_subject` varchar(70) DEFAULT NULL,
  `smtp_server` varchar(56) DEFAULT NULL,
  `port_number` int(5) DEFAULT '0',
  `post_dated_check_account` int(10) DEFAULT '0',
  `distributor_head` int(10) DEFAULT NULL,
  `rider_head` int(10) DEFAULT NULL,
  `raw_material_head` int(10) DEFAULT '0',
  `prefix_store_request` varchar(7) DEFAULT NULL,
  `prefix_grn_gate` varchar(7) DEFAULT NULL,
  `prefix_grn_quality` varchar(7) DEFAULT NULL,
  `prefix_grn_store` varchar(7) DEFAULT NULL,
  `prefix_gin` varchar(7) DEFAULT NULL,
  `goods_account` int(10) DEFAULT '0',
  `own_amount_account` int(10) DEFAULT '0',
  `advance_tax_account` int(10) DEFAULT '0',
  `company_payment_account` int(10) DEFAULT '0',
  `commission_account` int(10) DEFAULT '0',
  `hold_account` int(10) DEFAULT '0',
  PRIMARY KEY (`info_id`)
) ENGINE=InnoDB AUTO_INCREMENT=2 DEFAULT CHARSET=latin1;

/*Data for the table `static_info` */

insert  into `static_info`(`info_id`,`company_name`,`company_address`,`address_secondary`,`phone`,`mobile`,`tagline`,`logo_image`,`footer_image`,`expense_head`,`customer_head`,`vendor_head`,`product_head`,`employee_head`,`cash_in_hand`,`bank_head`,`prefix_dc`,`prefix_grn`,`prefix_bill`,`min_dc_number`,`min_bill_number`,`ntn`,`strn`,`max_form_rows`,`updated_date`,`project_name`,`salary_account`,`discount_account`,`conditions`,`email_address`,`email_password`,`email_body`,`email_subject`,`smtp_server`,`port_number`,`post_dated_check_account`,`distributor_head`,`rider_head`,`raw_material_head`,`prefix_store_request`,`prefix_grn_gate`,`prefix_grn_quality`,`prefix_grn_store`,`prefix_gin`,`goods_account`,`own_amount_account`,`advance_tax_account`,`company_payment_account`,`commission_account`,`hold_account`) values (1,'Usmania & Sons','DG KHAN','','','','','/account/resources/img/Logo Usmania & Sons.JPG','/AlHamd/resources/img/pso-oil3.jpg',1801010000,1103010000,1401010000,1102040000,NULL,1002020000,1104010000,'SUZ-KHI','EVO-PO','SUZ',7000,1505,'7640151-6','3277876143610',20,NULL,NULL,1002020000,1000000000,'','riaz.moosani@po','G4w88LHO85zwxv86gn3qyw==','','','',0,1000000000,1000000000,1000000000,1002020000,'','SUZ-KHI','SUZ-KHI','',NULL,1002020000,1002020000,1002020000,1002020000,1002020000,1002020000);

/*Table structure for table `subheading` */

DROP TABLE IF EXISTS `subheading`;

CREATE TABLE `subheading` (
  `sub_id` int(11) NOT NULL AUTO_INCREMENT,
  `heading` varchar(40) DEFAULT NULL,
  `level` int(1) DEFAULT NULL,
  `operation` varchar(10) DEFAULT 'Net',
  PRIMARY KEY (`sub_id`)
) ENGINE=InnoDB AUTO_INCREMENT=57 DEFAULT CHARSET=latin1;

/*Data for the table `subheading` */

insert  into `subheading`(`sub_id`,`heading`,`level`,`operation`) values (38,'STOCK IN TRADE',3,'Debit'),(39,'Sales',3,'Net'),(40,'Cost of Project',3,'Net'),(41,'Admin & Selling Expenses',3,'Net'),(42,'Other Income',3,'Net'),(44,'Other Operating Assets',3,'Net'),(45,'Project Office',3,'Net'),(47,'Available Flats',3,'Net'),(48,'Trade Receivable',3,'Net'),(49,'Advances & Deposits',3,'Net'),(50,'Cash and Bank Balances',3,'Net'),(52,'Unappropriate Profit / (Loss)',3,'Net'),(53,'Long Term Liability',3,'Net'),(54,'Trade Payable',3,'Net'),(55,'Other Payable',3,'Net'),(56,'Owner Capital',4,'Net');

/*Table structure for table `subheading_account` */

DROP TABLE IF EXISTS `subheading_account`;

CREATE TABLE `subheading_account` (
  `sub_id` int(11) NOT NULL,
  `account_code` int(10) NOT NULL,
  KEY `sub_id` (`sub_id`),
  KEY `account_code` (`account_code`),
  CONSTRAINT `subheading_account_ibfk_1` FOREIGN KEY (`sub_id`) REFERENCES `subheading` (`sub_id`) ON DELETE CASCADE ON UPDATE CASCADE,
  CONSTRAINT `subheading_account_ibfk_2` FOREIGN KEY (`account_code`) REFERENCES `account` (`account_code`)
) ENGINE=InnoDB DEFAULT CHARSET=latin1;

/*Data for the table `subheading_account` */

insert  into `subheading_account`(`sub_id`,`account_code`) values (38,1102040000),(39,1501010000),(40,1601010000),(41,1801010000),(42,1701010000),(44,1001020000),(45,1001010000),(47,1102040000),(48,1103010000),(49,1105010000),(50,1104010000),(52,1501010000),(52,1601010000),(52,1801010000),(52,1701010000),(54,1401010000),(55,1403010000),(53,1301010000),(56,1201010001);

/*Table structure for table `user_auth` */

DROP TABLE IF EXISTS `user_auth`;

CREATE TABLE `user_auth` (
  `auth_id` int(11) NOT NULL AUTO_INCREMENT,
  `user_name` varchar(50) NOT NULL,
  `email_id` varchar(50) NOT NULL,
  `password` text NOT NULL,
  `isActive` int(2) NOT NULL DEFAULT '0',
  PRIMARY KEY (`auth_id`)
) ENGINE=InnoDB AUTO_INCREMENT=41 DEFAULT CHARSET=latin1;

/*Data for the table `user_auth` */

insert  into `user_auth`(`auth_id`,`user_name`,`email_id`,`password`,`isActive`) values (3,'masteradmin','test@galaxy.com','$2a$11$9q7/Gxlgon207Rba/9eXbOVFkBZKpSdaP5u.HSH8OTrca2eBfbIUC',1),(35,'usmania&sons','usmania.sons@gmail.com','$2a$11$MPAkvx4FstmVm1oBfuE2o.kAsEw.jyaXKUczkSm4PNK41wmK2WvBa',1),(36,'Javed_Korai','Javed_Korai@test.com','$2a$11$t9STdSCuddB/ZjMlnQi7nevRVOVizlu3yNQYsl6yf2XO5LSlbL9vi',0),(37,'Amin_Gaddi','Amin_Gaddi@test.com','$2a$11$HuvJFlddAOtlNIKGh.13ru0V.vz3ZeAxofFgVQsr8oX6rikEGc.Ta',0),(38,'Ch_Tariq','Ch_Tariq@test.com','$2a$11$SYOL3pz5spOBJNg.hja4SezFHigPlrFQyetk9G2Yv2WhVrIkE7VW6',0),(39,'Ch_Tariq','Ch_Tariq@test.com','$2a$11$KvJZCj.jglNohuEF0HqcVe4ehb5w/UcUuvdhKn6D8gOhJDazDa49S',1),(40,'Umer_Farooq_Bhatti','Umer_Farooq_Bhatti@test.com','$2a$11$ki2HQyma7uIYJH5yqcfkCOCrRgGIGljp1Y5iqFWBnjwX3uIsQ1Yl6',1);

/*Table structure for table `user_role` */

DROP TABLE IF EXISTS `user_role`;

CREATE TABLE `user_role` (
  `auth_id` int(11) NOT NULL,
  `role_id` int(11) NOT NULL,
  PRIMARY KEY (`auth_id`,`role_id`),
  KEY `fk_user_role_roleid_idx` (`role_id`),
  CONSTRAINT `fk_user_role_roleid` FOREIGN KEY (`role_id`) REFERENCES `role` (`id`) ON DELETE CASCADE ON UPDATE CASCADE,
  CONSTRAINT `user_role_ibfk_1` FOREIGN KEY (`auth_id`) REFERENCES `user_auth` (`auth_id`) ON DELETE CASCADE ON UPDATE CASCADE
) ENGINE=InnoDB DEFAULT CHARSET=utf8;

/*Data for the table `user_role` */

insert  into `user_role`(`auth_id`,`role_id`) values (3,1),(36,9),(37,9),(38,9),(39,9),(40,9);

/*Table structure for table `voucher` */

DROP TABLE IF EXISTS `voucher`;

CREATE TABLE `voucher` (
  `voucher_id` int(11) NOT NULL AUTO_INCREMENT,
  `voucher_number` varchar(56) NOT NULL,
  `invoice_number` varchar(100) DEFAULT NULL,
  `voucher_date` date DEFAULT NULL,
  `cheque_number` varchar(20) DEFAULT NULL,
  `bank_account` int(10) DEFAULT NULL,
  `account_code` int(10) DEFAULT NULL,
  `cost_centre` bigint(14) DEFAULT NULL,
  `tax_account` int(10) DEFAULT NULL,
  `item_account` int(10) DEFAULT NULL,
  `bill_amount` double(12,2) DEFAULT NULL,
  `tax_amount` double(12,2) DEFAULT NULL,
  `credit` double(12,2) DEFAULT NULL,
  `debit` double(12,2) DEFAULT NULL,
  `remarks` text,
  `clearing_date` date DEFAULT NULL,
  `bill_number` varchar(56) DEFAULT NULL,
  `bill_date` date DEFAULT NULL,
  `item_quantity` double(12,2) DEFAULT '0.00',
  `item_rate` double(12,2) DEFAULT '0.00',
  `reference_voucher` varchar(56) DEFAULT NULL,
  `tax_rate` double(12,2) DEFAULT NULL,
  `isActive` int(1) DEFAULT '1',
  `status` varchar(56) DEFAULT 'PARTIAL',
  `chassis_id` varchar(10) DEFAULT NULL,
  `own_amount` double(12,2) DEFAULT '0.00',
  `chassis_no` varchar(30) DEFAULT NULL,
  `advance_tax` double(12,2) DEFAULT '0.00',
  `salesman_id` int(10) DEFAULT '0',
  `commission_amount` double(12,2) DEFAULT '0.00',
  `auth_id` int(11) DEFAULT NULL,
  PRIMARY KEY (`voucher_id`)
) ENGINE=InnoDB AUTO_INCREMENT=881 DEFAULT CHARSET=latin1;

/*Data for the table `voucher` */

insert  into `voucher`(`voucher_id`,`voucher_number`,`invoice_number`,`voucher_date`,`cheque_number`,`bank_account`,`account_code`,`cost_centre`,`tax_account`,`item_account`,`bill_amount`,`tax_amount`,`credit`,`debit`,`remarks`,`clearing_date`,`bill_number`,`bill_date`,`item_quantity`,`item_rate`,`reference_voucher`,`tax_rate`,`isActive`,`status`,`chassis_id`,`own_amount`,`chassis_no`,`advance_tax`,`salesman_id`,`commission_amount`,`auth_id`) values (307,'JV0000003','JV0000003','2020-03-12',NULL,0,1103010134,NULL,NULL,NULL,NULL,NULL,0.00,145000.00,'Paid by cheque# 97919588 UBL Muhammad Zahid c/o Mirza Asmat sb for city centre Jampur site expenses',NULL,NULL,NULL,NULL,NULL,NULL,NULL,1,NULL,'0',0.00,NULL,0.00,0,NULL,NULL),(308,'JV0000003','JV0000003','2020-03-12',NULL,0,1104010010,NULL,NULL,NULL,NULL,NULL,145000.00,0.00,'',NULL,NULL,NULL,NULL,NULL,NULL,NULL,1,NULL,'0',0.00,NULL,0.00,0,NULL,NULL),(309,'JV0000002','JV0000002','2020-03-12',NULL,0,1103010139,NULL,NULL,NULL,NULL,NULL,0.00,90000.00,'Paid by cheque# 97919590 UBL c/o Nasrullah sb for cement sakhi sarwar + Usmania Village',NULL,NULL,NULL,NULL,NULL,NULL,NULL,1,NULL,'0',0.00,NULL,0.00,0,NULL,NULL),(310,'JV0000002','JV0000002','2020-03-12',NULL,0,1104010010,NULL,NULL,NULL,NULL,NULL,90000.00,0.00,'',NULL,NULL,NULL,NULL,NULL,NULL,NULL,1,NULL,'0',0.00,NULL,0.00,0,NULL,NULL),(311,'JV0000001','JV0000001','2020-03-12',NULL,0,1103010133,NULL,NULL,NULL,NULL,NULL,0.00,135000.00,'Paid by cheque# 97919587 UBL to Mr. Mirza Nasir sb behalf of Mirza Qamar Sb',NULL,NULL,NULL,NULL,NULL,NULL,NULL,1,NULL,'0',0.00,NULL,0.00,0,NULL,NULL),(312,'JV0000001','JV0000001','2020-03-12',NULL,0,1104010010,NULL,NULL,NULL,NULL,NULL,135000.00,0.00,'',NULL,NULL,NULL,NULL,NULL,NULL,NULL,1,NULL,'0',0.00,NULL,0.00,0,NULL,NULL),(313,'JV0000005','JV0000005','2020-03-12',NULL,0,1103010050,NULL,NULL,NULL,NULL,NULL,0.00,30000.00,'Paid via online from hbl cheque# 00000559 (note payment made from ubl cheque and deposit online into abdul hakeem amir bhatti HBL Ac',NULL,NULL,NULL,NULL,NULL,NULL,NULL,1,NULL,'0',0.00,NULL,0.00,0,NULL,NULL),(314,'JV0000005','JV0000005','2020-03-12',NULL,0,1104010004,NULL,NULL,NULL,NULL,NULL,30000.00,0.00,'For Amir Hakeem Bhatti Kot Addu',NULL,NULL,NULL,NULL,NULL,NULL,NULL,1,NULL,'0',0.00,NULL,0.00,0,NULL,NULL),(315,'JV0000006','JV0000006','2020-03-12',NULL,0,1103010135,NULL,NULL,NULL,NULL,NULL,0.00,350000.00,'Paid to Yaqoob sb for construction of kothi 5.85 Marla Usmania Village Block A Paid by cheque# 21060181 Silk Bank U&S',NULL,NULL,NULL,NULL,NULL,NULL,NULL,1,NULL,'0',0.00,NULL,0.00,0,NULL,NULL),(316,'JV0000006','JV0000006','2020-03-12',NULL,0,1104010008,NULL,NULL,NULL,NULL,NULL,350000.00,0.00,'Paid to Yaqoob sb for construction of kothi 5.85 Marla Usmania Village Block A Paid by cheque# 21060181 Silk Bank U&S',NULL,NULL,NULL,NULL,NULL,NULL,NULL,1,NULL,'0',0.00,NULL,0.00,0,NULL,NULL),(343,'JV0000016','JV0000016','2020-03-12',NULL,0,1104010004,NULL,NULL,NULL,NULL,NULL,0.00,30000.00,'Deposit cash into HBL ac for online Abdul Hakeem Amir Bhatti Kot Addu',NULL,NULL,NULL,NULL,NULL,NULL,NULL,1,NULL,'0',0.00,NULL,0.00,0,NULL,NULL),(344,'JV0000016','JV0000016','2020-03-12',NULL,0,1104010001,NULL,NULL,NULL,NULL,NULL,30000.00,0.00,'Deposit cash into HBL ac for online Abdul Hakeem Amir Bhatti Kot Addu',NULL,NULL,NULL,NULL,NULL,NULL,NULL,1,NULL,'0',0.00,NULL,0.00,0,NULL,NULL),(347,'JV0000014','JV0000014','2020-03-12',NULL,0,1103010138,NULL,NULL,NULL,NULL,NULL,0.00,550000.00,'Usmania Village A+B - online to Jamil Pipes pvt ltd lahore oline via Bank Alfalah',NULL,NULL,NULL,NULL,NULL,NULL,NULL,1,NULL,'0',0.00,NULL,0.00,0,NULL,NULL),(348,'JV0000014','JV0000014','2020-03-12',NULL,0,1104010004,NULL,NULL,NULL,NULL,NULL,550000.00,0.00,'Usmania Village A+B - online to Jamil Pipes pvt ltd lahore oline via Bank Alfalah',NULL,NULL,NULL,NULL,NULL,NULL,NULL,1,NULL,'0',0.00,NULL,0.00,0,NULL,NULL),(349,'JV0000013','JV0000013','2020-03-12',NULL,0,1103010027,NULL,NULL,NULL,NULL,NULL,0.00,10000.00,'paid by cheque#00000561 HBL U&S to Fareed sb for construction of masjid help',NULL,NULL,NULL,NULL,NULL,NULL,NULL,1,NULL,'0',0.00,NULL,0.00,0,NULL,NULL),(350,'JV0000013','JV0000013','2020-03-12',NULL,0,1104010004,NULL,NULL,NULL,NULL,NULL,10000.00,0.00,'paid by cheque#00000561 HBL U&S to Fareed sb for construction of masjid help',NULL,NULL,NULL,NULL,NULL,NULL,NULL,1,NULL,'0',0.00,NULL,0.00,0,NULL,NULL),(351,'JV0000012','JV0000012','2020-03-12',NULL,0,1801010013,NULL,NULL,NULL,NULL,NULL,0.00,150000.00,'City Garden D.G.Khan- paid commission to Umer Farooq Bhatti for commission plot# 31, 9.93 paid by cheque#21060183 Silk Bank U&S',NULL,NULL,NULL,NULL,NULL,NULL,NULL,1,NULL,'12',0.00,'31',0.00,0,NULL,NULL),(352,'JV0000012','JV0000012','2020-03-12',NULL,0,1104010008,NULL,NULL,NULL,NULL,NULL,150000.00,0.00,'City Garden D.G.Khan- paid commission to Umer Farooq Bhatti for commission plot# 31, 9.93 paid by cheque#21060183 Silk Bank U&S',NULL,NULL,NULL,NULL,NULL,NULL,NULL,1,NULL,'0',0.00,NULL,0.00,0,NULL,NULL),(353,'JV0000011','JV0000011','2020-03-12',NULL,0,1104010004,NULL,NULL,NULL,NULL,NULL,0.00,5000000.00,'Deposit cash into Hbl which was receive',NULL,NULL,NULL,NULL,NULL,NULL,NULL,1,NULL,'0',0.00,NULL,0.00,0,NULL,NULL),(354,'JV0000011','JV0000011','2020-03-12',NULL,0,1103010137,NULL,NULL,NULL,NULL,NULL,5000000.00,0.00,'Credit form Prof. Kazim Sohail Sb for as a Land Provider in city garden d.g.khan',NULL,NULL,NULL,NULL,NULL,NULL,NULL,1,NULL,'0',0.00,NULL,0.00,0,NULL,NULL),(355,'JV0000010','JV0000010','2020-03-12',NULL,0,1103010004,NULL,NULL,NULL,NULL,NULL,0.00,8000.00,'Paid cash by easy paisa to cell# 0305-6101945',NULL,NULL,NULL,NULL,NULL,NULL,NULL,1,NULL,'0',0.00,NULL,0.00,0,NULL,NULL),(356,'JV0000010','JV0000010','2020-03-12',NULL,0,1104010001,NULL,NULL,NULL,NULL,NULL,8000.00,0.00,'Paid cash by easy paisa to cell# 0305-6101945',NULL,NULL,NULL,NULL,NULL,NULL,NULL,1,NULL,'0',0.00,NULL,0.00,0,NULL,NULL),(357,'JV0000009','JV0000009','2020-03-12',NULL,0,1103010136,NULL,NULL,NULL,NULL,NULL,0.00,25000.00,'Paid by easy paisa for Dawood Lanrance Itmes purchase c/o Malik Yasir sb Tell No. 0345-5234244',NULL,NULL,NULL,NULL,NULL,NULL,NULL,1,NULL,'0',0.00,NULL,0.00,0,NULL,NULL),(358,'JV0000009','JV0000009','2020-03-12',NULL,0,1104010001,NULL,NULL,NULL,NULL,NULL,25000.00,0.00,'Paid by easy paisa for Dawood Lanrance Itmes purchase c/o Malik Yasir sb Tell No. 0345-5234244',NULL,NULL,NULL,NULL,NULL,NULL,NULL,1,NULL,'0',0.00,NULL,0.00,0,NULL,NULL),(359,'JV0000007','JV0000007','2020-03-12',NULL,0,1103010088,NULL,NULL,NULL,NULL,NULL,0.00,110000.00,'Paid by cheque# 21060182 Silk Bank U&S for Earth Work Green City Shah Saddar Din',NULL,NULL,NULL,NULL,NULL,NULL,NULL,1,NULL,'0',0.00,NULL,0.00,0,NULL,NULL),(360,'JV0000007','JV0000007','2020-03-12',NULL,0,1104010008,NULL,NULL,NULL,NULL,NULL,110000.00,0.00,'Paid by cheque# 21060182 Silk Bank U&S for Earth Work Green City Shah Saddar Din',NULL,NULL,NULL,NULL,NULL,NULL,NULL,1,NULL,'0',0.00,NULL,0.00,0,NULL,NULL),(361,'JV0000008','JV0000008','2020-03-12',NULL,0,1103010107,NULL,NULL,NULL,NULL,NULL,0.00,15000.00,'Paid cash for Dajal Project',NULL,NULL,NULL,NULL,NULL,NULL,NULL,1,NULL,'0',0.00,NULL,0.00,0,NULL,NULL),(362,'JV0000008','JV0000008','2020-03-12',NULL,0,1104010001,NULL,NULL,NULL,NULL,NULL,15000.00,0.00,'Paid cash for Dajal Project',NULL,NULL,NULL,NULL,NULL,NULL,NULL,1,NULL,'0',0.00,NULL,0.00,0,NULL,NULL),(365,'JV0000017','JV0000017','2020-03-13',NULL,0,1103010142,NULL,NULL,NULL,NULL,NULL,0.00,1000000.00,'Khayaban E Sarwar - Purchased kothi  - Paid by cheque# 21060184 Silk Bank U&S Ac to Raees Ghouri Sb c/o Sunny Mateen Bhai for ',NULL,NULL,NULL,NULL,NULL,NULL,NULL,1,NULL,'0',0.00,NULL,0.00,0,NULL,NULL),(366,'JV0000017','JV0000017','2020-03-13',NULL,0,1104010008,NULL,NULL,NULL,NULL,NULL,1000000.00,0.00,'Khayaban E Sarwar - Purchased kothi  - Paid by cheque# 21060184 Silk Bank U&S Ac to Raees Ghouri Sb c/o Sunny Mateen Bhai for ',NULL,NULL,NULL,NULL,NULL,NULL,NULL,1,NULL,'0',0.00,NULL,0.00,0,NULL,NULL),(367,'JV0000018','JV0000018','2020-03-13',NULL,0,1103010136,NULL,NULL,NULL,NULL,NULL,0.00,5000.00,'Paid cash for purchase meat for kothi c/o Mubashir Bhai',NULL,NULL,NULL,NULL,NULL,NULL,NULL,1,NULL,'0',0.00,NULL,0.00,0,NULL,NULL),(368,'JV0000018','JV0000018','2020-03-13',NULL,0,1104010001,NULL,NULL,NULL,NULL,NULL,5000.00,0.00,'Paid cash for purchase meat for kothi c/o Mubashir Bhai',NULL,NULL,NULL,NULL,NULL,NULL,NULL,1,NULL,'0',0.00,NULL,0.00,0,NULL,NULL),(375,'JV0000020','JV0000020','2020-03-13',NULL,0,1103010016,NULL,NULL,NULL,NULL,NULL,0.00,200000.00,'Jalalpur Pir Wala - Paid by cheque# 00000562 HBL U&S Ac for site expenses',NULL,NULL,NULL,NULL,NULL,NULL,NULL,1,NULL,'0',0.00,NULL,0.00,0,NULL,NULL),(376,'JV0000020','JV0000020','2020-03-13',NULL,0,1104010004,NULL,NULL,NULL,NULL,NULL,200000.00,0.00,'Jalalpur Pir Wala - Paid by cheque# 00000562 HBL U&S Ac for site expenses',NULL,NULL,NULL,NULL,NULL,NULL,NULL,1,NULL,'0',0.00,NULL,0.00,0,NULL,NULL),(377,'JV0000019','JV0000019','2020-03-13',NULL,0,1801010004,NULL,NULL,NULL,NULL,NULL,0.00,10500.00,'Paid Auqaf Bills Rs. 10500',NULL,NULL,NULL,NULL,NULL,NULL,NULL,1,NULL,'0',0.00,NULL,0.00,0,NULL,NULL),(378,'JV0000019','JV0000019','2020-03-13',NULL,0,1104010001,NULL,NULL,NULL,NULL,NULL,10500.00,0.00,'',NULL,NULL,NULL,NULL,NULL,NULL,NULL,1,NULL,'0',0.00,NULL,0.00,0,NULL,NULL),(379,'JV0000021','JV0000021','2020-03-14',NULL,0,1801010004,NULL,NULL,NULL,NULL,NULL,0.00,1600.00,'Paid cash for repairing shutter gate',NULL,NULL,NULL,NULL,NULL,NULL,NULL,1,NULL,'0',0.00,NULL,0.00,0,NULL,NULL),(380,'JV0000021','JV0000021','2020-03-14',NULL,0,1104010001,NULL,NULL,NULL,NULL,NULL,1600.00,0.00,'',NULL,NULL,NULL,NULL,NULL,NULL,NULL,1,NULL,'0',0.00,NULL,0.00,0,NULL,NULL),(381,'JV0000022','JV0000022','2020-03-14',NULL,0,1801010004,NULL,NULL,NULL,NULL,NULL,0.00,1500.00,'Paid juice bill',NULL,NULL,NULL,NULL,NULL,NULL,NULL,1,NULL,'0',0.00,NULL,0.00,0,NULL,NULL),(382,'JV0000022','JV0000022','2020-03-14',NULL,0,1104010001,NULL,NULL,NULL,NULL,NULL,1500.00,0.00,'',NULL,NULL,NULL,NULL,NULL,NULL,NULL,1,NULL,'0',0.00,NULL,0.00,0,NULL,NULL),(383,'JV0000023','JV0000023','2020-03-14',NULL,0,1103010136,NULL,NULL,NULL,NULL,NULL,0.00,2000.00,'Paid on behalf of salary to Mr. Waleed Gujjar',NULL,NULL,NULL,NULL,NULL,NULL,NULL,1,NULL,'0',0.00,NULL,0.00,0,NULL,NULL),(384,'JV0000023','JV0000023','2020-03-14',NULL,0,1104010001,NULL,NULL,NULL,NULL,NULL,2000.00,0.00,'Paid on behalf of salary to Mr. Waleed Gujjar',NULL,NULL,NULL,NULL,NULL,NULL,NULL,1,NULL,'0',0.00,NULL,0.00,0,NULL,NULL),(385,'JV0000024','JV0000024','2020-03-14',NULL,0,1103010136,NULL,NULL,NULL,NULL,NULL,0.00,2770.00,'Paid for purchasing different items of domestic purpose ',NULL,NULL,NULL,NULL,NULL,NULL,NULL,1,NULL,'0',0.00,NULL,0.00,0,NULL,NULL),(386,'JV0000024','JV0000024','2020-03-14',NULL,0,1104010001,NULL,NULL,NULL,NULL,NULL,2770.00,0.00,'Paid for purchasing different items of domestic purpose ',NULL,NULL,NULL,NULL,NULL,NULL,NULL,1,NULL,'0',0.00,NULL,0.00,0,NULL,NULL),(389,'JV0000026','JV0000026','2020-03-02',NULL,0,1103010031,NULL,NULL,NULL,NULL,NULL,0.00,4400000.00,'For Registry Abid Hussain Babar purchased City Garden d.g.khan Land paid by cheque# 20940422 Silk Bank\r\n',NULL,NULL,NULL,NULL,NULL,NULL,NULL,1,NULL,'0',0.00,NULL,0.00,0,NULL,NULL),(390,'JV0000026','JV0000026','2020-03-02',NULL,0,1104010008,NULL,NULL,NULL,NULL,NULL,4400000.00,0.00,'For Registry Abid Hussain Babar purchased City Garden d.g.khan Land paid by cheque# 20940422 Silk Bank\r\n',NULL,NULL,NULL,NULL,NULL,NULL,NULL,1,NULL,'0',0.00,NULL,0.00,0,NULL,NULL),(391,'JV0000025','JV0000025','2020-03-02',NULL,0,1104010010,NULL,NULL,NULL,NULL,NULL,0.00,5000000.00,'Cheque deposit into UBL M Zahdi Ac which was receive For sale of Plot 09 Marla Faridabad  payment via cheque# 89748638 UBL Quality Gurmani Filling Station\r\n',NULL,NULL,NULL,NULL,NULL,NULL,NULL,1,NULL,'0',0.00,NULL,0.00,0,NULL,NULL),(392,'JV0000025','JV0000025','2020-03-02',NULL,0,1103010022,NULL,NULL,NULL,NULL,NULL,5000000.00,0.00,'For sale of Plot 09 Marla Faridabad  payment via cheque# 89748638 UBL Quality Gurmani Filling Station',NULL,NULL,NULL,NULL,NULL,NULL,NULL,1,NULL,'0',0.00,NULL,0.00,0,NULL,NULL),(395,'JV0000027','JV0000027','2020-03-02',NULL,0,1104010008,NULL,NULL,NULL,NULL,NULL,0.00,800000.00,'Deposit cheque# 62023930 UBL M Zahid Which Was received from Mrs. Fouzia Hassani w/o Mehar Din city garden plot\r\n',NULL,NULL,NULL,NULL,NULL,NULL,NULL,1,NULL,'0',0.00,NULL,0.00,0,NULL,NULL),(396,'JV0000027','JV0000027','2020-03-02',NULL,0,1103010024,NULL,NULL,NULL,NULL,NULL,800000.00,0.00,'For sale of 35 Marla Ext. city garden d.g.khan to Mrs. Fouzia Hassani w/o Mehar Din without corner payment receive via cheque# 62023930 UBL Fozia Hassni\r\n',NULL,NULL,NULL,NULL,NULL,NULL,NULL,1,NULL,'0',0.00,NULL,0.00,0,NULL,NULL),(406,'JV0000028','JV0000028','2020-03-02',NULL,0,1103010030,NULL,NULL,NULL,NULL,NULL,0.00,28000.00,'For Agha Security Services c/o Mushtaq Sb paid by cheque# 05554514 DIB U&S Kot addu Rs. 28000 and city garden Rs. 26130 Total Rs. 54130\r\n',NULL,NULL,NULL,NULL,NULL,NULL,NULL,1,NULL,'0',0.00,NULL,0.00,0,NULL,NULL),(407,'JV0000028','JV0000028','2020-03-02',NULL,0,1103010030,NULL,NULL,NULL,NULL,NULL,0.00,26130.00,'For Agha Security Services c/o Mushtaq Sb paid by cheque# 05554514 DIB U&S Kot addu Rs. 28000 and city garden Rs. 26130 Total Rs. 54130\r\n',NULL,NULL,NULL,NULL,NULL,NULL,NULL,1,NULL,'0',0.00,NULL,0.00,0,NULL,NULL),(408,'JV0000028','JV0000028','2020-03-02',NULL,0,1104010006,NULL,NULL,NULL,NULL,NULL,54130.00,0.00,'For Agha Security Services c/o Mushtaq Sb paid by cheque# 05554514 DIB U&S Kot addu Rs. 28000 and city garden Rs. 26130 Total Rs. 54130\r\n',NULL,NULL,NULL,NULL,NULL,NULL,NULL,1,NULL,'0',0.00,NULL,0.00,0,NULL,NULL),(409,'JV0000030','JV0000030','2020-03-02',NULL,0,1103010032,NULL,NULL,NULL,NULL,NULL,0.00,500000.00,'For Kashif Sb c/o Mirza Qamar sb for sale of kothi 08 Marla Usmania Village Block A\r\n',NULL,NULL,NULL,NULL,NULL,NULL,NULL,1,NULL,'0',0.00,NULL,0.00,0,NULL,NULL),(410,'JV0000030','JV0000030','2020-03-02',NULL,0,1104010006,NULL,NULL,NULL,NULL,NULL,500000.00,0.00,'For Kashif Sb c/o Mirza Qamar sb for sale of kothi 08 Marla Usmania Village Block A\r\n',NULL,NULL,NULL,NULL,NULL,NULL,NULL,1,NULL,'0',0.00,NULL,0.00,0,NULL,NULL),(411,'JV0000031','JV0000031','2020-03-02',NULL,0,1103010011,NULL,NULL,NULL,NULL,NULL,0.00,50000.00,'For Younas Aziz sb Aziz model factory paid by cheque# 05554517 DIB  U&S\r\n',NULL,NULL,NULL,NULL,NULL,NULL,NULL,1,NULL,'0',0.00,NULL,0.00,0,NULL,NULL),(412,'JV0000031','JV0000031','2020-03-02',NULL,0,1104010006,NULL,NULL,NULL,NULL,NULL,50000.00,0.00,'For Younas Aziz sb Aziz model factory paid by cheque# 05554517 DIB  U&S',NULL,NULL,NULL,NULL,NULL,NULL,NULL,1,NULL,'0',0.00,NULL,0.00,0,NULL,NULL),(413,'JV0000032','JV0000032','2020-03-02',NULL,0,1103010036,NULL,NULL,NULL,NULL,NULL,0.00,500000.00,'Payment for Fiaz Haidar Shah sb Shafiq Medical Store c/o Yasir Shah sb paid by cheque# 05554518 DIB U&S\r\n',NULL,NULL,NULL,NULL,NULL,NULL,NULL,1,NULL,'0',0.00,NULL,0.00,0,NULL,NULL),(414,'JV0000032','JV0000032','2020-03-02',NULL,0,1104010006,NULL,NULL,NULL,NULL,NULL,500000.00,0.00,'Payment for Fiaz Haidar Shah sb Shafiq Medical Store c/o Yasir Shah sb paid by cheque# 05554518 DIB U&S',NULL,NULL,NULL,NULL,NULL,NULL,NULL,1,NULL,'0',0.00,NULL,0.00,0,NULL,NULL),(415,'JV0000033','JV0000033','2020-03-02',NULL,0,1103010036,NULL,NULL,NULL,NULL,NULL,0.00,500000.00,'Payment for Fiaz Haidar Shah sb Shafiq Medical Store c/o Yasir Shah sb paid by cheque# 05554519 DIB U&S\r\n',NULL,NULL,NULL,NULL,NULL,NULL,NULL,1,NULL,'0',0.00,NULL,0.00,0,NULL,NULL),(416,'JV0000033','JV0000033','2020-03-02',NULL,0,1104010006,NULL,NULL,NULL,NULL,NULL,500000.00,0.00,'Payment for Fiaz Haidar Shah sb Shafiq Medical Store c/o Yasir Shah sb paid by cheque# 05554519 DIB U&S',NULL,NULL,NULL,NULL,NULL,NULL,NULL,1,NULL,'0',0.00,NULL,0.00,0,NULL,NULL),(417,'JV0000034','JV0000034','2020-03-02',NULL,0,1103010037,NULL,NULL,NULL,NULL,NULL,0.00,600000.00,'For purchased Multan Road 05 Marla from Imran Sb c/o Yasir Shah Sb paid by cheque# 05554520 DIB U&S\r\n',NULL,NULL,NULL,NULL,NULL,NULL,NULL,1,NULL,'0',0.00,NULL,0.00,0,NULL,NULL),(418,'JV0000034','JV0000034','2020-03-02',NULL,0,1104010006,NULL,NULL,NULL,NULL,NULL,600000.00,0.00,'For purchased Multan Road 05 Marla from Imran Sb c/o Yasir Shah Sb paid by cheque# 05554520 DIB U&S\r\n',NULL,NULL,NULL,NULL,NULL,NULL,NULL,1,NULL,'0',0.00,NULL,0.00,0,NULL,NULL),(421,'JV0000035','JV0000035','2020-03-02',NULL,0,1103010038,NULL,NULL,NULL,NULL,NULL,0.00,100000.00,'Paid by cheque# 05554521 DIB U&S to Jamil Tahir sb (Jimmy Bhai\r\n',NULL,NULL,NULL,NULL,NULL,NULL,NULL,1,NULL,'0',0.00,NULL,0.00,0,NULL,NULL),(422,'JV0000035','JV0000035','2020-03-02',NULL,0,1104010006,NULL,NULL,NULL,NULL,NULL,100000.00,0.00,'For Jamil Tahir sb (Jimmy Bhai) paid by cheque# 05554521 DIB U&S\r\n',NULL,NULL,NULL,NULL,NULL,NULL,NULL,1,NULL,'0',0.00,NULL,0.00,0,NULL,NULL),(423,'JV0000036','JV0000036','2020-03-02',NULL,0,1103010041,NULL,NULL,NULL,NULL,NULL,0.00,500000.00,'Payment for Jahangir Khalid Friend (Pull Dat Profit) paid by cheque# 68935125 UBL M Zahid\r\n',NULL,NULL,NULL,NULL,NULL,NULL,NULL,1,NULL,'0',0.00,NULL,0.00,0,NULL,NULL),(424,'JV0000036','JV0000036','2020-03-02',NULL,0,1104010010,NULL,NULL,NULL,NULL,NULL,500000.00,0.00,'Payment for Khalid Jahangir Friend (Pull Dat Profit) paid by cheque# 68935125 UBL M Zahid\r\n',NULL,NULL,NULL,NULL,NULL,NULL,NULL,1,NULL,'0',0.00,NULL,0.00,0,NULL,NULL),(425,'JV0000037','JV0000037','2020-03-02',NULL,0,1103010029,NULL,NULL,NULL,NULL,NULL,0.00,1000000.00,'For Khalifa Iqbal Sb Gullfam Work Shop Wapsi Shop paid by cheque# 68935124 UBL M Zahid\r\n',NULL,NULL,NULL,NULL,NULL,NULL,NULL,1,NULL,'0',0.00,NULL,0.00,0,NULL,NULL),(426,'JV0000037','JV0000037','2020-03-02',NULL,0,1104010010,NULL,NULL,NULL,NULL,NULL,1000000.00,0.00,'For Khalifa Iqbal Sb Gullfam Work Shop Wapsi Shop paid by cheque# 68935124 UBL M Zahid\r\n',NULL,NULL,NULL,NULL,NULL,NULL,NULL,1,NULL,'0',0.00,NULL,0.00,0,NULL,NULL),(427,'JV0000038','JV0000038','2020-03-02',NULL,0,1103010033,NULL,NULL,NULL,NULL,NULL,0.00,350000.00,'For commission purchased land City Garden D.G.Khan from Babar Family Paid by cheque# 20940439 Silk Bank u&s\r\n',NULL,NULL,NULL,NULL,NULL,NULL,NULL,1,NULL,'0',0.00,NULL,0.00,0,NULL,NULL),(428,'JV0000038','JV0000038','2020-03-02',NULL,0,1104010008,NULL,NULL,NULL,NULL,NULL,350000.00,0.00,'For commission purchased land from Babar Family Paid by cheque# 20940439 Silk Bank u&s\r\n',NULL,NULL,NULL,NULL,NULL,NULL,NULL,1,NULL,'0',0.00,NULL,0.00,0,NULL,NULL),(429,'JV0000039','JV0000039','2020-03-02',NULL,0,1801010013,NULL,NULL,NULL,NULL,NULL,0.00,50000.00,'For commission city garden (Dr. Ismail Ghouri plots) paid by cheque# 20940440 Silk Bank u&s to Junaid Ghouri Sb\r\n',NULL,NULL,NULL,NULL,NULL,NULL,NULL,1,NULL,'0',0.00,NULL,0.00,0,NULL,NULL),(430,'JV0000039','JV0000039','2020-03-02',NULL,0,1104010008,NULL,NULL,NULL,NULL,NULL,50000.00,0.00,'For commission city garden (Dr. Ismail Ghouri plots) paid by cheque# 20940440 Silk Bank u&s to Junaid Ghouri Sb\r\n',NULL,NULL,NULL,NULL,NULL,NULL,NULL,1,NULL,'0',0.00,NULL,0.00,0,NULL,NULL),(431,'JV0000040','JV0000040','2020-03-02',NULL,0,1801010013,NULL,NULL,NULL,NULL,NULL,0.00,35000.00,'For commission city garden (Dr. Ismail Ghouri plots) paid by cheque# 20940441 Silk Bank u&s to Junaid Ghouri Sb\r\n',NULL,NULL,NULL,NULL,NULL,NULL,NULL,1,NULL,'0',0.00,NULL,0.00,0,NULL,NULL),(432,'JV0000040','JV0000040','2020-03-02',NULL,0,1104010008,NULL,NULL,NULL,NULL,NULL,35000.00,0.00,'For commission city garden (Dr. Ismail Ghouri plots) paid by cheque# 20940441 Silk Bank u&s to Junaid Ghouri Sb\r\n',NULL,NULL,NULL,NULL,NULL,NULL,NULL,1,NULL,'0',0.00,NULL,0.00,0,NULL,NULL),(433,'JV0000041','JV0000041','2020-03-04',NULL,0,1104010008,NULL,NULL,NULL,NULL,NULL,0.00,1200000.00,'Deposit into silk bank which was receive For sale of plot# 46 Gulberg Block D Cash received from Shahzad Jaskani sb c/o Amir Broker via cheque# 127492941 Habib Metro (&#1606;&#1608;&#1657; &#1605;&#1593;&#1585;&#1575;&#1580; &#1605;&#1575;&#1604; &#1705;&#1746; &#1576;&#1583;&#1604;&#1746; &#1580;&#1608; &#1662;&#1604;&#1575;&#1657; &#1588;&#1729;&#1586;&#1575;&#1583; &#1580;&#1587;&#1705;&#1575;&#1606;&#1740; &#1705;&#1608; &#1711;&#1604;&#1576;&#1585;&#1711; &#1605;&#1740;&#1722; &#1605;&#1604;&#1575; &#1578;&#1726;&#1575;&#1748;\r\n',NULL,NULL,NULL,NULL,NULL,NULL,NULL,1,NULL,'0',0.00,NULL,0.00,0,NULL,NULL),(434,'JV0000041','JV0000041','2020-03-04',NULL,0,1103010195,NULL,NULL,NULL,NULL,NULL,1200000.00,0.00,'For sale of plot# 46 Gulberg Block D Cash received from Shahzad Jaskani sb c/o Amir Broker via cheque# 127492941 Habib Metro (&#1606;&#1608;&#1657; &#1605;&#1593;&#1585;&#1575;&#1580; &#1605;&#1575;&#1604; &#1705;&#1746; &#1576;&#1583;&#1604;&#1746; &#1580;&#1608; &#1662;&#1604;&#1575;&#1657; &#1588;&#1729;&#1586;&#1575;&#1583; &#1580;&#1587;&#1705;&#1575;&#1606;&#1740; &#1705;&#1608; &#1711;&#1604;&#1576;&#1585;&#1711; &#1605;&#1740;&#1722; &#1605;&#1604;&#1575; &#1578;&#1726;&#1575;&#1748;\r\n',NULL,NULL,NULL,NULL,NULL,NULL,NULL,1,NULL,'0',0.00,NULL,0.00,0,NULL,NULL),(435,'JV0000042','JV0000042','2020-03-04',NULL,0,1104010008,NULL,NULL,NULL,NULL,NULL,0.00,3000000.00,'Deposit Cheques into Silk Bank which was received from Amir Broker For sale of 80 Marla at gulberg phase D to Amir Broker payment received via cheque# 127492943 Rs. 1800000 cheque# 127492944 Rs. 1200000 Total Rs. 3000000\r\n\r\n',NULL,NULL,NULL,NULL,NULL,NULL,NULL,1,NULL,'0',0.00,NULL,0.00,0,NULL,NULL),(436,'JV0000042','JV0000042','2020-03-04',NULL,0,1103010073,NULL,NULL,NULL,NULL,NULL,3000000.00,0.00,'For sale of 80 Marla at gulberg phase d to Amir Broker payment received via cheque# 127492943 Rs. 1800000 cheque# 127492944 Rs. 1200000 Total Rs. 3000000\r\n',NULL,NULL,NULL,NULL,NULL,NULL,NULL,1,NULL,'0',0.00,NULL,0.00,0,NULL,NULL),(439,'JV0000043','JV0000043','2020-03-04',NULL,0,1104010008,NULL,NULL,NULL,NULL,NULL,0.00,800000.00,'Deposit into silk bank For sale of 150 Marla at city garden ext to Amir Broker payment receive via  by cheque# 127492942 Habib Metro Date: 05-03-2020 as advance\r\n',NULL,NULL,NULL,NULL,NULL,NULL,NULL,1,NULL,'0',0.00,NULL,0.00,0,NULL,NULL),(440,'JV0000043','JV0000043','2020-03-04',NULL,0,1103010073,NULL,NULL,NULL,NULL,NULL,800000.00,0.00,'For sale of 150 Marla at city garden ext to Amir Broker payment receive via  by cheque# 127492942 Habib Metro Date: 05-03-2020 as advance\r\n',NULL,NULL,NULL,NULL,NULL,NULL,NULL,1,NULL,'0',0.00,NULL,0.00,0,NULL,NULL),(441,'JV0000044','JV0000044','2020-03-04',NULL,0,1104010001,NULL,NULL,NULL,NULL,NULL,0.00,763000.00,'For 15 Marla 03 Plots sale each 05 Marla plot# 105,106,107 at gulberg phase d to Muhammad Farooq s/o Mirza Khan installment Rs. 796000\r\n',NULL,NULL,NULL,NULL,NULL,NULL,NULL,1,NULL,'0',0.00,NULL,0.00,0,NULL,NULL),(442,'JV0000044','JV0000044','2020-03-04',NULL,0,1103010196,NULL,NULL,NULL,NULL,NULL,763000.00,0.00,'For 15 Marla 03 Plots sale each 05 Marla plot# 105,106,107 at gulberg phase d to Muhammad Farooq s/o Mirza Khan installment Rs. 796000\r\n',NULL,NULL,NULL,NULL,NULL,NULL,NULL,1,NULL,'0',0.00,NULL,0.00,0,NULL,NULL),(447,'JV0000029','JV0000029','2020-03-02',NULL,0,1103010035,NULL,NULL,NULL,NULL,NULL,0.00,159800.00,'For ubl Cars Installments c/o sheikh Tahir sb Waleed Mubashir Rs. 55130 Zahid sb Cars Rs 104670 total Rs. 159800\r\n',NULL,NULL,NULL,NULL,NULL,NULL,NULL,1,NULL,'0',0.00,NULL,0.00,0,NULL,NULL),(448,'JV0000029','JV0000029','2020-03-02',NULL,0,1104010006,NULL,NULL,NULL,NULL,NULL,159800.00,0.00,'For ubl Cars Installments c/o sheikh Tahir sb Waleed Mubashir Rs. 55130 Zahid sb Cars Rs 104670 total Rs. 159800\r\n',NULL,NULL,NULL,NULL,NULL,NULL,NULL,1,NULL,'0',0.00,NULL,0.00,0,NULL,NULL),(449,'JV0000046','JV0000046','2020-03-06',NULL,0,1103010189,NULL,NULL,NULL,NULL,NULL,0.00,2500000.00,'For purchase school from  Madam Nayyer Rani 15 Marla paid by cheque# 20940444 Silk Bank u&s\r\n',NULL,NULL,NULL,NULL,NULL,NULL,NULL,1,NULL,'0',0.00,NULL,0.00,0,NULL,NULL),(450,'JV0000046','JV0000046','2020-03-06',NULL,0,1104010008,NULL,NULL,NULL,NULL,NULL,2500000.00,0.00,'For Purchase 15 Marla corner school city garden d.g.khan from Madam Nayyer Rani paid by cheque# 20940444 silk bank u&s\r\n',NULL,NULL,NULL,NULL,NULL,NULL,NULL,1,NULL,'0',0.00,NULL,0.00,0,NULL,NULL),(451,'JV0000047','JV0000047','2020-03-09',NULL,0,1104010007,NULL,NULL,NULL,NULL,NULL,0.00,1000000.00,'For sale of plot 19 1/2 Marla approximately, mulim town&#1576;&#1585;&#1604;&#1576;  road corner to Rehmat Ullah S/o Haji Ghulam Raza 50% Share\r\n',NULL,NULL,NULL,NULL,NULL,NULL,NULL,1,NULL,'0',0.00,NULL,0.00,0,NULL,NULL),(452,'JV0000047','JV0000047','2020-03-09',NULL,0,1103010068,NULL,NULL,NULL,NULL,NULL,1000000.00,0.00,'For sale of plot 19 1/2 Marla approximately, mulim town&#1576;&#1585;&#1604;&#1576;  road corner to Rehmat Ullah S/o Haji Ghulam Raza 50% Share\r\n',NULL,NULL,NULL,NULL,NULL,NULL,NULL,1,NULL,'0',0.00,NULL,0.00,0,NULL,NULL),(455,'JV0000048','JV0000048','2020-03-09',NULL,0,1103010201,NULL,NULL,NULL,NULL,NULL,0.00,408000.00,'Paid by cheque# 05554523 DIB for purchased cement to Shahzad Sattar\r\n',NULL,NULL,NULL,NULL,NULL,NULL,NULL,1,NULL,'0',0.00,NULL,0.00,0,NULL,NULL),(456,'JV0000048','JV0000048','2020-03-09',NULL,0,1104010006,NULL,NULL,NULL,NULL,NULL,408000.00,0.00,'Paid by cheque# 05554523 DIB for purchased cement to Shahzad Sattar\r\n',NULL,NULL,NULL,NULL,NULL,NULL,NULL,1,NULL,'0',0.00,NULL,0.00,0,NULL,NULL),(457,'JV0000049','JV0000049','2020-03-09',NULL,0,1103010142,NULL,NULL,NULL,NULL,NULL,0.00,300000.00,'For construction of house at usmania village block A paid by cheque# 05554524 DIB U&S C/o Mirza Qamar sb\r\n',NULL,NULL,NULL,NULL,NULL,NULL,NULL,1,NULL,'0',0.00,NULL,0.00,0,NULL,NULL),(458,'JV0000049','JV0000049','2020-03-09',NULL,0,1104010006,NULL,NULL,NULL,NULL,NULL,300000.00,0.00,'For construction of home Raees ghouri sb usmania village block A paid by cheque# 05554524 dib c/o Mirza Qamar sb\r\n',NULL,NULL,NULL,NULL,NULL,NULL,NULL,1,NULL,'0',0.00,NULL,0.00,0,NULL,NULL),(459,'JV0000050','JV0000050','2020-03-09',NULL,0,1103010083,NULL,NULL,NULL,NULL,NULL,0.00,600000.00,'Paid by cheque# 05554525 DIB for committee to Aun Abbas Sb\r\n',NULL,NULL,NULL,NULL,NULL,NULL,NULL,1,NULL,'0',0.00,NULL,0.00,0,NULL,NULL),(460,'JV0000050','JV0000050','2020-03-09',NULL,0,1104010006,NULL,NULL,NULL,NULL,NULL,600000.00,0.00,'Paid by cheque# 05554525 DIB for committee to Aun Abbas Sb\r\n',NULL,NULL,NULL,NULL,NULL,NULL,NULL,1,NULL,'0',0.00,NULL,0.00,0,NULL,NULL),(465,'JV0000051','JV0000051','2020-03-09',NULL,0,1103010133,NULL,NULL,NULL,NULL,NULL,0.00,500000.00,'Paid by cheque# 20940445 Silk Bank U&S for construction of office city garden d.g.khan\r\n',NULL,NULL,NULL,NULL,NULL,NULL,NULL,1,NULL,'0',0.00,NULL,0.00,0,NULL,NULL),(466,'JV0000051','JV0000051','2020-03-09',NULL,0,1104010008,NULL,NULL,NULL,NULL,NULL,500000.00,0.00,'Paid by cheque# 20940445 Silk Bank U&S for construction of office city garden d.g.khan\r\n',NULL,NULL,NULL,NULL,NULL,NULL,NULL,1,NULL,'0',0.00,NULL,0.00,0,NULL,NULL),(467,'JV0000052','JV0000052','2020-03-09',NULL,0,1103010179,NULL,NULL,NULL,NULL,NULL,0.00,400000.00,'Paid by cheque# 97919576 UBL For Swerage city centre jampur\r\n',NULL,NULL,NULL,NULL,NULL,NULL,NULL,1,NULL,'0',0.00,NULL,0.00,0,NULL,NULL),(468,'JV0000052','JV0000052','2020-03-09',NULL,0,1104010010,NULL,NULL,NULL,NULL,NULL,400000.00,0.00,'For Mirza Nasir ma shaheen for city centre swerage paid by cheque# 97919576 UBL\r\n',NULL,NULL,NULL,NULL,NULL,NULL,NULL,1,NULL,'0',0.00,NULL,0.00,0,NULL,NULL),(475,'JV0000055','JV0000055','2020-03-14',NULL,0,1801010010,NULL,NULL,NULL,NULL,NULL,0.00,100000.00,'Usmania Village - Paid To Aman Ullah Wapda by cheque# 05554529 DIB Ac For Demond Notice Usmania Village Electricity',NULL,NULL,NULL,NULL,NULL,NULL,NULL,1,NULL,'0',0.00,NULL,0.00,0,NULL,NULL),(476,'JV0000055','JV0000055','2020-03-14',NULL,0,1104010006,NULL,NULL,NULL,NULL,NULL,100000.00,0.00,'Usmania Village - Paid To Aman Ullah Wapda by cheque# 05554529 DIB Ac For Demond Notice Usmania Village Electricity',NULL,NULL,NULL,NULL,NULL,NULL,NULL,1,NULL,'0',0.00,NULL,0.00,0,NULL,NULL),(477,'JV0000054','JV0000054','2020-03-09',NULL,0,1103010078,NULL,NULL,NULL,NULL,NULL,0.00,400000.00,'Jalalpur Pir Wala - Paid via online by cheque# 97919579 UBL for cement jalalpur Pir Wala for Sakhi Sarwar + Usmania Village\r\n',NULL,NULL,NULL,NULL,NULL,NULL,NULL,1,NULL,'0',0.00,NULL,0.00,0,NULL,NULL),(478,'JV0000054','JV0000054','2020-03-09',NULL,0,1104010010,NULL,NULL,NULL,NULL,NULL,400000.00,0.00,'Jalalpur Pir Wala - For Asad Mushtaq Sb jalalpur pir wala paid for cement bill paid by cheque# 97919579 UBL\r\n',NULL,NULL,NULL,NULL,NULL,NULL,NULL,1,NULL,'0',0.00,NULL,0.00,0,NULL,NULL),(479,'JV0000053','JV0000053','2020-03-09',NULL,0,1103010202,NULL,NULL,NULL,NULL,NULL,0.00,500000.00,'Usmania Village - Paid by cheque# 97919578 UBL to BMAX Cont, build to Mr. Sayyed Mussawir Sb\r\n',NULL,NULL,NULL,NULL,NULL,NULL,NULL,1,NULL,'0',0.00,NULL,0.00,0,NULL,NULL),(480,'JV0000053','JV0000053','2020-03-09',NULL,0,1104010010,NULL,NULL,NULL,NULL,NULL,500000.00,0.00,'Usmania Village - For BMX (Mussawir sb) for construction of homes block a usmania village paid by cheque# 97919578 UBL',NULL,NULL,NULL,NULL,NULL,NULL,NULL,1,NULL,'0',0.00,NULL,0.00,0,NULL,NULL),(481,'JV0000056','JV0000056','2020-03-09',NULL,0,1103010016,NULL,NULL,NULL,NULL,NULL,0.00,80000.00,'Lohar Wala Water Supply - Paid by cheque# 979195820 UBL c/o Nasrullah Sb\r\n',NULL,NULL,NULL,NULL,NULL,NULL,NULL,1,NULL,'0',0.00,NULL,0.00,0,NULL,NULL),(482,'JV0000056','JV0000056','2020-03-09',NULL,0,1104010010,NULL,NULL,NULL,NULL,NULL,80000.00,0.00,'For Nasrullah Sb for Lohar wala water suply project paid by cheque# 97919580 UBL\r\n',NULL,NULL,NULL,NULL,NULL,NULL,NULL,1,NULL,'0',0.00,NULL,0.00,0,NULL,NULL),(483,'JV0000057','JV0000057','2020-03-09',NULL,0,1103010204,NULL,NULL,NULL,NULL,NULL,0.00,30000.00,'Jalalpur Pir Wala - Paid via online (Lahore) by cheque# 97919581 UBL  for project Audit\r\n',NULL,NULL,NULL,NULL,NULL,NULL,NULL,1,NULL,'0',0.00,NULL,0.00,0,NULL,NULL),(484,'JV0000057','JV0000057','2020-03-09',NULL,0,1104010010,NULL,NULL,NULL,NULL,NULL,30000.00,0.00,'Jalalpur Pir Wala - For c/o Nasrullah Sb online Lahore for Audit jalalpur pir wala project paid by cheque# 97919581 UBL\r\n',NULL,NULL,NULL,NULL,NULL,NULL,NULL,1,NULL,'0',0.00,NULL,0.00,0,NULL,NULL),(485,'JV0000058','JV0000058','2020-03-09',NULL,0,1103010143,NULL,NULL,NULL,NULL,NULL,0.00,400000.00,'Paid for profit to Iqbal bhai usmania Village Block A paid by cheque# 97919582 UBL\r\n',NULL,NULL,NULL,NULL,NULL,NULL,NULL,1,NULL,'0',0.00,NULL,0.00,0,NULL,NULL),(486,'JV0000058','JV0000058','2020-03-09',NULL,0,1104010010,NULL,NULL,NULL,NULL,NULL,400000.00,0.00,'For Iqbal Bhai (Plot profit usmania village block A) Paid by cheque#  97919582 UBL\r\n',NULL,NULL,NULL,NULL,NULL,NULL,NULL,1,NULL,'0',0.00,NULL,0.00,0,NULL,NULL),(487,'JV0000059','JV0000059','2020-03-09',NULL,0,1103010140,NULL,NULL,NULL,NULL,NULL,0.00,120000.00,'Jalalpur Pir Wala - Paid by cheque# 97919583 UBL online to M Saleem for purchase iron 1200 kg c/o Nasrullah Sb\r\n',NULL,NULL,NULL,NULL,NULL,NULL,NULL,1,NULL,'0',0.00,NULL,0.00,0,NULL,NULL),(488,'JV0000059','JV0000059','2020-03-09',NULL,0,1104010010,NULL,NULL,NULL,NULL,NULL,120000.00,0.00,'Jalalpur Pir Wala - Paid by cheque# 97919583 UBL online to M Saleem for purchase iron 1200 kg c/o Nasrullah Sb\r\n',NULL,NULL,NULL,NULL,NULL,NULL,NULL,1,NULL,'0',0.00,NULL,0.00,0,NULL,NULL),(491,'JV0000060','JV0000060','2020-03-09',NULL,0,1103010027,NULL,NULL,NULL,NULL,NULL,0.00,12000.00,'Paid fee college by cheque# 97919584 UBL to Waleed Khalid\r\n',NULL,NULL,NULL,NULL,NULL,NULL,NULL,1,NULL,'0',0.00,NULL,0.00,0,NULL,NULL),(492,'JV0000060','JV0000060','2020-03-09',NULL,0,1104010010,NULL,NULL,NULL,NULL,NULL,12000.00,0.00,'Paid fee college by cheque# 97919584 UBL to Waleed Khalid\r\n',NULL,NULL,NULL,NULL,NULL,NULL,NULL,1,NULL,'0',0.00,NULL,0.00,0,NULL,NULL),(493,'JV0000061','JV0000061','2020-03-09',NULL,0,1801010013,NULL,NULL,NULL,NULL,NULL,0.00,100000.00,'Paid commission for sale of house 09 Marla farid abad colony by cheque# 97919585 Ubl to Farid broker\r\n',NULL,NULL,NULL,NULL,NULL,NULL,NULL,1,NULL,'0',0.00,NULL,0.00,0,NULL,NULL),(494,'JV0000061','JV0000061','2020-03-09',NULL,0,1104010010,NULL,NULL,NULL,NULL,NULL,100000.00,0.00,'Paid commission for sale of house 09 Marla farid abad colony by cheque# 97919585 Ubl to Farid broker\r\n',NULL,NULL,NULL,NULL,NULL,NULL,NULL,1,NULL,'0',0.00,NULL,0.00,0,NULL,NULL),(495,'JV0000062','JV0000062','2020-03-09',NULL,0,1801010013,NULL,NULL,NULL,NULL,NULL,0.00,50000.00,'Paid by cheque# 97919586 UBL for commission Rab Nawaz Changwani Father 07 1/2 Marla Block B Usmania Village to Ghulam Shabbir Khosa/Amin Gaddi\r\n',NULL,NULL,NULL,NULL,NULL,NULL,NULL,1,NULL,'0',0.00,NULL,0.00,0,NULL,NULL),(496,'JV0000062','JV0000062','2020-03-09',NULL,0,1104010010,NULL,NULL,NULL,NULL,NULL,50000.00,0.00,'Paid by cheque# 97919586 UBL for commission Rab Nawaz Changwani Father 07 1/2 Marla Block B Usmania Village to Ghulam Shabbir Khosa/Amin Gaddi\r\n',NULL,NULL,NULL,NULL,NULL,NULL,NULL,1,NULL,'0',0.00,NULL,0.00,0,NULL,NULL),(505,'JV0000065','JV0000065','2020-03-09',NULL,0,1103010035,NULL,NULL,NULL,NULL,NULL,0.00,1850000.00,'for purchase swift  car for kothi c/o sheikh tahir sb paid by cheque# 00019202 MIB U&S\r\n',NULL,NULL,NULL,NULL,NULL,NULL,NULL,1,NULL,'0',0.00,NULL,0.00,0,NULL,NULL),(506,'JV0000065','JV0000065','2020-03-09',NULL,0,1104010007,NULL,NULL,NULL,NULL,NULL,1850000.00,0.00,'for purchase swift  car for kothi c/o sheikh tahir sb paid by cheque# 00019202 MIB U&S\r\n',NULL,NULL,NULL,NULL,NULL,NULL,NULL,1,NULL,'0',0.00,NULL,0.00,0,NULL,NULL),(507,'JV0000064','JV0000064','2020-03-10',NULL,0,1104010008,NULL,NULL,NULL,NULL,NULL,0.00,1000000.00,'For sale of plot# 16 , 10 marla corner city garden d.g.khan to Muhammad Javaid iqbal s/o Manzoor Hussain payment receive via cheque# 20968725 silk bank date: 10-03-2020\r\n',NULL,NULL,NULL,NULL,NULL,NULL,NULL,1,NULL,'0',0.00,NULL,0.00,0,NULL,NULL),(508,'JV0000064','JV0000064','2020-03-10',NULL,0,1103010205,NULL,NULL,NULL,NULL,NULL,1000000.00,0.00,'For sale of plot# 16 , 10 marla corner city garden d.g.khan to Muhammad Javaid iqbal s/o Manzoor Hussain payment receive via cheque# 20968725 silk bank date: 10-03-2020\r\n',NULL,NULL,NULL,NULL,NULL,NULL,NULL,1,NULL,'0',0.00,NULL,0.00,0,NULL,NULL),(509,'JV0000066','JV0000066','2020-03-16',NULL,0,1801010004,NULL,NULL,NULL,NULL,NULL,0.00,740.00,'Paid cash for news paper bill',NULL,NULL,NULL,NULL,NULL,NULL,NULL,1,NULL,'0',0.00,NULL,0.00,0,NULL,NULL),(510,'JV0000066','JV0000066','2020-03-16',NULL,0,1104010001,NULL,NULL,NULL,NULL,NULL,740.00,0.00,'Paid cash for news paper bill',NULL,NULL,NULL,NULL,NULL,NULL,NULL,1,NULL,'0',0.00,NULL,0.00,0,NULL,NULL),(511,'JV0000067','JV0000067','2020-03-16',NULL,0,1103010061,NULL,NULL,NULL,NULL,NULL,0.00,1000000.00,'Paid cash to Abdullah Khosa Changwani income from Muslim Town corner road 9 1/2 Marla, paid by cheque# 00019203 MIB',NULL,NULL,NULL,NULL,NULL,NULL,NULL,1,NULL,'0',0.00,NULL,0.00,0,NULL,NULL),(512,'JV0000067','JV0000067','2020-03-16',NULL,0,1104010007,NULL,NULL,NULL,NULL,NULL,1000000.00,0.00,'Paid cash to Abdullah Khosa Changwani income from Muslim Town corner road 9 1/2 Marla, paid by cheque# 00019203 MIB',NULL,NULL,NULL,NULL,NULL,NULL,NULL,1,NULL,'0',0.00,NULL,0.00,0,NULL,NULL),(513,'JV0000068','JV0000068','2020-03-16',NULL,0,1103010206,NULL,NULL,NULL,NULL,NULL,0.00,25000.00,'Paid by cheque# 00000563 HBL Ac for site expenses Sakhi Sarwar Hospital to Munir Ahmad Munchi',NULL,NULL,NULL,NULL,NULL,NULL,NULL,1,NULL,'0',0.00,NULL,0.00,0,NULL,NULL),(514,'JV0000068','JV0000068','2020-03-16',NULL,0,1104010004,NULL,NULL,NULL,NULL,NULL,25000.00,0.00,'Paid by cheque# 00000563 HBL Ac for site expenses Sakhi Sarwar Hospital to Munir Ahmad Munchi',NULL,NULL,NULL,NULL,NULL,NULL,NULL,1,NULL,'0',0.00,NULL,0.00,0,NULL,NULL),(519,'JV0000069','JV0000069','2020-03-16',NULL,0,1103010161,NULL,NULL,NULL,NULL,NULL,0.00,110000.00,'Jalalpur Pir Wala - Paid by cheque# 00000564 HBL Ac for purchase crush',NULL,NULL,NULL,NULL,NULL,NULL,NULL,1,NULL,'0',0.00,NULL,0.00,0,NULL,NULL),(520,'JV0000069','JV0000069','2020-03-16',NULL,0,1104010004,NULL,NULL,NULL,NULL,NULL,110000.00,0.00,'Jalalpur Pir Wala - Paid by cheque# 00000564 HBL Ac for purchase crush',NULL,NULL,NULL,NULL,NULL,NULL,NULL,1,NULL,'0',0.00,NULL,0.00,0,NULL,NULL),(521,'JV0000070','JV0000070','2020-03-16',NULL,0,1104010006,NULL,NULL,NULL,NULL,NULL,0.00,100000.00,'Deposit cheque# 7028318618 Bop katchery branch date: 17-03-20 cheque amount Rs. 300000 was receive from Qaisar Abbas Sb installment Usmania Village Block B plot# 20',NULL,NULL,NULL,NULL,NULL,NULL,NULL,1,NULL,'0',0.00,NULL,0.00,0,NULL,NULL),(522,'JV0000070','JV0000070','2020-03-16',NULL,0,1103010197,NULL,NULL,NULL,NULL,NULL,100000.00,0.00,'Deposit cheque# 7028318618 Bop katchery branch date: 17-03-20 cheque amount Rs. 300000 was receive from Qaisar Abbas Sb installment Usmania Village Block B plot# 20',NULL,NULL,NULL,NULL,NULL,NULL,NULL,1,NULL,'0',0.00,NULL,0.00,0,NULL,NULL),(523,'JV0000071','JV0000071','2020-03-16',NULL,0,1104010006,NULL,NULL,NULL,NULL,NULL,0.00,100000.00,'Deposit cheque# 7028318618 Bop katchery branch date: 17-03-20 cheque amount Rs. 300000 was receive from Fayyaz Afzal Sb installment Usmania Village Block B plot# 20',NULL,NULL,NULL,NULL,NULL,NULL,NULL,1,NULL,'0',0.00,NULL,0.00,0,NULL,NULL),(524,'JV0000071','JV0000071','2020-03-16',NULL,0,1103010198,NULL,NULL,NULL,NULL,NULL,100000.00,0.00,'Deposit cheque# 7028318618 Bop katchery branch date: 17-03-20 cheque amount Rs. 300000 was receive from Fayyaz Afzal Sb installment Usmania Village Block B plot# 20',NULL,NULL,NULL,NULL,NULL,NULL,NULL,1,NULL,'0',0.00,NULL,0.00,0,NULL,NULL),(525,'JV0000072','JV0000072','2020-03-16',NULL,0,1104010006,NULL,NULL,NULL,NULL,NULL,0.00,100000.00,'Deposit cheque# 7028318618 Bop katchery branch date: 17-03-20 cheque amount Rs. 300000 was receive from Rabia Nosheen installment Usmania Village Block B plot# 20',NULL,NULL,NULL,NULL,NULL,NULL,NULL,1,NULL,'0',0.00,NULL,0.00,0,NULL,NULL),(526,'JV0000072','JV0000072','2020-03-16',NULL,0,1103010199,NULL,NULL,NULL,NULL,NULL,100000.00,0.00,'Deposit cheque# 7028318618 Bop katchery branch date: 17-03-20 cheque amount Rs. 300000 was receive from Rabia Nosheen installment Usmania Village Block B plot# 20',NULL,NULL,NULL,NULL,NULL,NULL,NULL,1,NULL,'0',0.00,NULL,0.00,0,NULL,NULL),(527,'JV0000073','JV0000073','2020-03-16',NULL,0,1103010207,NULL,NULL,NULL,NULL,NULL,0.00,2750000.00,'City Centre Jampur - Paid by cheque# 21060185 Silk Bank Ac payment for Shop city centre jampur',NULL,NULL,NULL,NULL,NULL,NULL,NULL,1,NULL,'0',0.00,NULL,0.00,0,NULL,NULL),(528,'JV0000073','JV0000073','2020-03-16',NULL,0,1104010008,NULL,NULL,NULL,NULL,NULL,2750000.00,0.00,'City Centre Jampur - Paid by cheque# 21060185 Silk Bank Ac payment for Shop city centre jampur',NULL,NULL,NULL,NULL,NULL,NULL,NULL,1,NULL,'0',0.00,NULL,0.00,0,NULL,NULL),(529,'JV0000074','JV0000074','2020-03-16',NULL,0,1103010092,NULL,NULL,NULL,NULL,NULL,0.00,300000.00,'Anari Orchard - Paid by cheque# 21060188 Silk Bank Ac date 17-03-2020 For Anari Orchard Land',NULL,NULL,NULL,NULL,NULL,NULL,NULL,1,NULL,'0',0.00,NULL,0.00,0,NULL,NULL),(530,'JV0000074','JV0000074','2020-03-16',NULL,0,1104010008,NULL,NULL,NULL,NULL,NULL,300000.00,0.00,'Anari Orchard - Paid by cheque# 21060188 Silk Bank Ac date 17-03-2020 For Anari Orchard Land',NULL,NULL,NULL,NULL,NULL,NULL,NULL,1,NULL,'0',0.00,NULL,0.00,0,NULL,NULL),(531,'JV0000075','JV0000075','2020-03-16',NULL,0,1103010208,NULL,NULL,NULL,NULL,NULL,0.00,200000.00,'City Garden D.G.Khan -  Payment for return purchased plot# 46 city garden d.g.khan paid by cheque# 21060189 silk bank ac ',NULL,NULL,NULL,NULL,NULL,NULL,NULL,1,NULL,'0',0.00,NULL,0.00,0,NULL,NULL),(532,'JV0000075','JV0000075','2020-03-16',NULL,0,1104010008,NULL,NULL,NULL,NULL,NULL,200000.00,0.00,'City Garden D.G.Khan -  Payment for return purchased plot# 46 city garden d.g.khan paid by cheque# 21060189 silk bank ac ',NULL,NULL,NULL,NULL,NULL,NULL,NULL,1,NULL,'0',0.00,NULL,0.00,0,NULL,NULL),(535,'JV0000076','JV0000076','2020-03-09',NULL,0,1103010209,NULL,NULL,NULL,NULL,NULL,0.00,6850000.00,'',NULL,NULL,NULL,NULL,NULL,NULL,NULL,1,NULL,'0',0.00,NULL,0.00,0,NULL,NULL),(536,'JV0000076','JV0000076','2020-03-09',NULL,0,1103010210,NULL,NULL,NULL,NULL,NULL,6850000.00,0.00,'',NULL,NULL,NULL,NULL,NULL,NULL,NULL,1,NULL,'0',0.00,NULL,0.00,0,NULL,NULL),(537,'JV0000076','JV0000076','2020-03-09',NULL,0,1104010001,NULL,NULL,NULL,NULL,NULL,0.00,10000.00,'For sale of plot# 23, 24 city garden d.g.khan per marla 685000 to Muhammad Ejaz s/o Hafiz Atta Muhammad\r\n',NULL,NULL,NULL,NULL,NULL,NULL,NULL,1,NULL,'0',0.00,NULL,0.00,0,NULL,NULL),(538,'JV0000076','JV0000076','2020-03-09',NULL,0,1103010209,NULL,NULL,NULL,NULL,NULL,10000.00,0.00,'For sale of plot# 23, 24 city garden d.g.khan per marla 685000 to Muhammad Ejaz s/o Hafiz Atta Muhammad\r\n',NULL,NULL,NULL,NULL,NULL,NULL,NULL,1,NULL,'0',0.00,NULL,0.00,0,NULL,NULL),(539,'JV0000063','JV0000063','2020-03-09',NULL,0,1104010008,NULL,NULL,NULL,NULL,NULL,0.00,100000.00,'Deposit cash into silk bank cash was received form Mohsin hayyat city garden\r\n',NULL,NULL,NULL,NULL,NULL,NULL,NULL,1,NULL,'0',0.00,NULL,0.00,0,NULL,NULL),(540,'JV0000063','JV0000063','2020-03-09',NULL,0,1103010141,NULL,NULL,NULL,NULL,NULL,100000.00,0.00,'For sale of plot# 31 , 09.93 Marla city garden corner per marla Rs. 735000 to Mohsin Hayyat s/o Muhamma d Sufyan\r\n',NULL,NULL,NULL,NULL,NULL,NULL,NULL,1,NULL,'0',0.00,NULL,0.00,0,NULL,NULL),(541,'JV0000063','JV0000063','2020-03-09',NULL,0,1104010008,NULL,NULL,NULL,NULL,NULL,0.00,900000.00,'Deposit cash into silk bank cash was received form Mohsin hayyat city garden\r\n',NULL,NULL,NULL,NULL,NULL,NULL,NULL,1,NULL,'0',0.00,NULL,0.00,0,NULL,NULL),(542,'JV0000063','JV0000063','2020-03-09',NULL,0,1103010141,NULL,NULL,NULL,NULL,NULL,900000.00,0.00,'For sale of plot# 31 , 09.93 Marla city garden corner per marla Rs. 735000 to Mohsin Hayyat s/o Muhamma d Sufyan cash receive via cheque# 00000068 HBL\r\n',NULL,NULL,NULL,NULL,NULL,NULL,NULL,1,NULL,'0',0.00,NULL,0.00,0,NULL,NULL),(543,'JV0000063','JV0000063','2020-03-09',NULL,0,1103010141,NULL,NULL,NULL,NULL,NULL,0.00,7298550.00,'',NULL,NULL,NULL,NULL,NULL,NULL,NULL,1,NULL,'0',0.00,NULL,0.00,0,NULL,NULL),(544,'JV0000063','JV0000063','2020-03-09',NULL,0,1103010210,NULL,NULL,NULL,NULL,NULL,7298550.00,0.00,'',NULL,NULL,NULL,NULL,NULL,NULL,NULL,1,NULL,'0',0.00,NULL,0.00,0,NULL,NULL),(545,'JV0000077','JV0000077','2020-03-16',NULL,0,1103010212,NULL,NULL,NULL,NULL,NULL,0.00,2000000.00,'Shops Block #10 - paid by cheque# 21060186 silk bank Ac. for purchased shops and home',NULL,NULL,NULL,NULL,NULL,NULL,NULL,1,NULL,'0',0.00,NULL,0.00,0,NULL,NULL),(546,'JV0000077','JV0000077','2020-03-16',NULL,0,1104010008,NULL,NULL,NULL,NULL,NULL,2000000.00,0.00,'Shops Block #10 - paid by cheque# 21060186 silk bank Ac. for purchased shops and home',NULL,NULL,NULL,NULL,NULL,NULL,NULL,1,NULL,'0',0.00,NULL,0.00,0,NULL,NULL),(547,'JV0000078','JV0000078','2020-03-16',NULL,0,1103010212,NULL,NULL,NULL,NULL,NULL,0.00,750000.00,'Shops Block #10 - paid by cheque# 21060187 silk bank Ac. for purchased shops and home',NULL,NULL,NULL,NULL,NULL,NULL,NULL,1,NULL,'0',0.00,NULL,0.00,0,NULL,NULL),(548,'JV0000078','JV0000078','2020-03-16',NULL,0,1104010008,NULL,NULL,NULL,NULL,NULL,750000.00,0.00,'Shops Block #10 - paid by cheque# 21060187 silk bank Ac. for purchased shops and home',NULL,NULL,NULL,NULL,NULL,NULL,NULL,1,NULL,'0',0.00,NULL,0.00,0,NULL,NULL),(549,'JV0000079','JV0000079','2020-03-16',NULL,0,1103010213,NULL,NULL,NULL,NULL,NULL,0.00,3200000.00,'Shops Block #10 - paid by cheque# 00019204 MIB bank Ac. for purchased shops and home',NULL,NULL,NULL,NULL,NULL,NULL,NULL,1,NULL,'0',0.00,NULL,0.00,0,NULL,NULL),(550,'JV0000079','JV0000079','2020-03-16',NULL,0,1104010007,NULL,NULL,NULL,NULL,NULL,3200000.00,0.00,'Shops Block #10 - paid by cheque# 00019204 MIB bank Ac. for purchased shops and home',NULL,NULL,NULL,NULL,NULL,NULL,NULL,1,NULL,'0',0.00,NULL,0.00,0,NULL,NULL),(551,'JV0000080','JV0000080','2020-03-16',NULL,0,1103010214,NULL,NULL,NULL,NULL,NULL,0.00,3200000.00,'Shops Block #10 - paid by cheque# 00019205 MIB bank Ac. for purchased shops and home',NULL,NULL,NULL,NULL,NULL,NULL,NULL,1,NULL,'0',0.00,NULL,0.00,0,NULL,NULL),(552,'JV0000080','JV0000080','2020-03-16',NULL,0,1104010007,NULL,NULL,NULL,NULL,NULL,3200000.00,0.00,'Shops Block #10 - paid by cheque# 00019205 MIB bank Ac. for purchased shops and home',NULL,NULL,NULL,NULL,NULL,NULL,NULL,1,NULL,'0',0.00,NULL,0.00,0,NULL,NULL),(553,'JV0000081','JV0000081','2020-03-16',NULL,0,1103010215,NULL,NULL,NULL,NULL,NULL,0.00,3200000.00,'Block# 10 Paid by cheque# 00019206 MIB Ac payment for Block#10 shops c/o Uncle Tariq',NULL,NULL,NULL,NULL,NULL,NULL,NULL,1,NULL,'0',0.00,NULL,0.00,0,NULL,NULL),(554,'JV0000081','JV0000081','2020-03-16',NULL,0,1104010007,NULL,NULL,NULL,NULL,NULL,3200000.00,0.00,'Block# 10 Paid by cheque# 00019206 MIB Ac payment for Block#10 shops c/o Uncle Tariq',NULL,NULL,NULL,NULL,NULL,NULL,NULL,1,NULL,'0',0.00,NULL,0.00,0,NULL,NULL),(555,'JV0000082','JV0000082','2020-03-16',NULL,0,1103010216,NULL,NULL,NULL,NULL,NULL,0.00,6400000.00,'Block # 10 Shops - Paid by cheque# 00019207 MIB payment for shops block# 10 c/o Uncle Tariq',NULL,NULL,NULL,NULL,NULL,NULL,NULL,1,NULL,'0',0.00,NULL,0.00,0,NULL,NULL),(556,'JV0000082','JV0000082','2020-03-16',NULL,0,1104010007,NULL,NULL,NULL,NULL,NULL,6400000.00,0.00,'Block # 10 Shops - Paid by cheque# 00019207 MIB payment for shops block# 10 c/o Uncle Tariq',NULL,NULL,NULL,NULL,NULL,NULL,NULL,1,NULL,'0',0.00,NULL,0.00,0,NULL,NULL),(557,'JV0000083','JV0000083','2020-03-16',NULL,0,1103010213,NULL,NULL,NULL,NULL,NULL,0.00,1550000.00,'Block# 10 Shops - Paid by cheque# 00019208 MIB Ac payment for purchase shops block# 10 c/o Uncle Tariq',NULL,NULL,NULL,NULL,NULL,NULL,NULL,1,NULL,'0',0.00,NULL,0.00,0,NULL,NULL),(558,'JV0000083','JV0000083','2020-03-16',NULL,0,1104010007,NULL,NULL,NULL,NULL,NULL,1550000.00,0.00,'Block# 10 Shops - Paid by cheque# 00019208 MIB Ac payment for purchase shops block# 10 c/o Uncle Tariq',NULL,NULL,NULL,NULL,NULL,NULL,NULL,1,NULL,'0',0.00,NULL,0.00,0,NULL,NULL),(559,'JV0000084','JV0000084','2020-03-16',NULL,0,1103010217,NULL,NULL,NULL,NULL,NULL,0.00,3500000.00,'Cheuqe# 1306677852 BOP Bahira Town Lahore returne c/o shahzad jaskani',NULL,NULL,NULL,NULL,NULL,NULL,NULL,1,NULL,'0',0.00,NULL,0.00,0,NULL,NULL),(560,'JV0000084','JV0000084','2020-03-16',NULL,0,1104010007,NULL,NULL,NULL,NULL,NULL,3500000.00,0.00,'Cheuqe# 1306677852 BOP Bahira Town Lahore returne c/o shahzad jaskani',NULL,NULL,NULL,NULL,NULL,NULL,NULL,1,NULL,'0',0.00,NULL,0.00,0,NULL,NULL),(561,'JV0000085','JV0000085','2020-03-16',NULL,0,1104010008,NULL,NULL,NULL,NULL,NULL,0.00,1300000.00,'Deposit cheque# 0012079567 Faysal bank from Hafiz Nabi Bakhsh for sale of plot# 32, 9.93 Marla city garden d.g.khan',NULL,NULL,NULL,NULL,NULL,NULL,NULL,1,NULL,'0',0.00,NULL,0.00,0,NULL,NULL),(562,'JV0000085','JV0000085','2020-03-16',NULL,0,1103010218,NULL,NULL,NULL,NULL,NULL,1300000.00,0.00,'City Garden D.G.Khan - Hafiz Nabi Bakhsh for sale of plot# 32, 9.93 Marla city garden d.g.khan cheque# 0012079567 Faysal bank from ',NULL,NULL,NULL,NULL,NULL,NULL,NULL,1,NULL,'0',0.00,NULL,0.00,0,NULL,NULL),(563,'JV0000086','JV0000086','2020-03-16',NULL,0,1103010182,NULL,NULL,NULL,NULL,NULL,0.00,810000.00,'Usmania Village - Paid by cheque# 05554529 DIB Ac payment for sale of plot B-6 B-5 Usmania Village Block B Hissab Clear',NULL,NULL,NULL,NULL,NULL,NULL,NULL,1,NULL,'0',0.00,NULL,0.00,0,NULL,NULL),(564,'JV0000086','JV0000086','2020-03-16',NULL,0,1104010006,NULL,NULL,NULL,NULL,NULL,810000.00,0.00,'Usmania Village - Paid by cheque# 05554529 DIB Ac payment for sale of plot B-6 B-5 Usmania Village Block B Hissab Clear',NULL,NULL,NULL,NULL,NULL,NULL,NULL,1,NULL,'0',0.00,NULL,0.00,0,NULL,NULL),(565,'JV0000087','JV0000087','2020-03-16',NULL,0,1104010001,NULL,NULL,NULL,NULL,NULL,0.00,26750.00,'Usmania Village - For online Muhammad Amin guttka by hbl ac',NULL,NULL,NULL,NULL,NULL,NULL,NULL,1,NULL,'0',0.00,NULL,0.00,0,NULL,NULL),(566,'JV0000087','JV0000087','2020-03-16',NULL,0,1104010006,NULL,NULL,NULL,NULL,NULL,26750.00,0.00,'Usmania Village - For online  by Muhammad Amin guttka by hbl ac',NULL,NULL,NULL,NULL,NULL,NULL,NULL,1,NULL,'0',0.00,NULL,0.00,0,NULL,NULL),(567,'JV0000088','JV0000088','2020-03-17',NULL,0,1104010006,NULL,NULL,NULL,NULL,NULL,0.00,100000.00,'Deposit cheque#19493748 Silk Bank Hafiz Manzoor  into dubai ismailc bank U&S Ac which was received installment from Umer Farooq Plot# 31- B C/o Haifz Manzoor',NULL,NULL,NULL,NULL,NULL,NULL,NULL,1,NULL,'0',0.00,NULL,0.00,0,NULL,NULL),(568,'JV0000088','JV0000088','2020-03-17',NULL,0,1103010219,NULL,NULL,NULL,NULL,NULL,100000.00,0.00,'installment from Umer Farooq Plot# 31- B C/o Haifz Manzoor',NULL,NULL,NULL,NULL,NULL,NULL,NULL,1,NULL,'0',0.00,NULL,0.00,0,NULL,NULL),(569,'JV0000089','JV0000089','2020-03-17',NULL,0,1104010001,NULL,NULL,NULL,NULL,NULL,0.00,375000.00,'Cash received from Mirza Waqas Zahid sb Friend',NULL,NULL,NULL,NULL,NULL,NULL,NULL,1,NULL,'0',0.00,NULL,0.00,0,NULL,NULL),(570,'JV0000089','JV0000089','2020-03-17',NULL,0,1103010180,NULL,NULL,NULL,NULL,NULL,375000.00,0.00,'Cash received from Mirza Waqas Zahid sb Friend',NULL,NULL,NULL,NULL,NULL,NULL,NULL,1,NULL,'0',0.00,NULL,0.00,0,NULL,NULL),(571,'JV0000090','JV0000090','2020-03-17',NULL,0,1104010011,NULL,NULL,NULL,NULL,NULL,0.00,375000.00,'Deposit cash into faysal bank which was received from Mirza Waqas Ahmad',NULL,NULL,NULL,NULL,NULL,NULL,NULL,1,NULL,'0',0.00,NULL,0.00,0,NULL,NULL),(572,'JV0000090','JV0000090','2020-03-17',NULL,0,1104010001,NULL,NULL,NULL,NULL,NULL,375000.00,0.00,'Deposit cash into faysal bank which was received from Mirza Waqas Ahmad',NULL,NULL,NULL,NULL,NULL,NULL,NULL,1,NULL,'0',0.00,NULL,0.00,0,NULL,NULL),(573,'JV0000091','JV0000091','2020-03-17',NULL,0,1103010133,NULL,NULL,NULL,NULL,NULL,0.00,26750.00,'Online to Muhammad Amin HBL Ac for Usmania Village Masjid Guttka Purchase ',NULL,NULL,NULL,NULL,NULL,NULL,NULL,1,NULL,'0',0.00,NULL,0.00,0,NULL,NULL),(574,'JV0000091','JV0000091','2020-03-17',NULL,0,1104010001,NULL,NULL,NULL,NULL,NULL,26750.00,0.00,'Online to Muhammad Amin HBL Ac for Usmania Village Masjid Guttka Purchase ',NULL,NULL,NULL,NULL,NULL,NULL,NULL,1,NULL,'0',0.00,NULL,0.00,0,NULL,NULL),(577,'JV0000092','JV0000092','2020-03-04',NULL,0,1801010004,NULL,NULL,NULL,NULL,NULL,0.00,200000.00,'For office expenses by cheque# 20940442 Silk Bank u&s\r\n',NULL,NULL,NULL,NULL,NULL,NULL,NULL,1,NULL,'0',0.00,NULL,0.00,0,NULL,NULL),(578,'JV0000092','JV0000092','2020-03-04',NULL,0,1104010008,NULL,NULL,NULL,NULL,NULL,200000.00,0.00,'For office expenses by cheque# 20940442 Silk Bank u&s\r\n',NULL,NULL,NULL,NULL,NULL,NULL,NULL,1,NULL,'0',0.00,NULL,0.00,0,NULL,NULL),(579,'JV0000093','JV0000093','2020-03-05',NULL,0,1801010004,NULL,NULL,NULL,NULL,NULL,0.00,1200000.00,'For Salaries + Online (Thursday) Office expenses\r\n',NULL,NULL,NULL,NULL,NULL,NULL,NULL,1,NULL,'0',0.00,NULL,0.00,0,NULL,NULL),(580,'JV0000093','JV0000093','2020-03-05',NULL,0,1104010008,NULL,NULL,NULL,NULL,NULL,1200000.00,0.00,'For Salaries + Online (Thursday) Office expenses\r\n',NULL,NULL,NULL,NULL,NULL,NULL,NULL,1,NULL,'0',0.00,NULL,0.00,0,NULL,NULL),(581,'JV0000094','JV0000094','2020-03-09',NULL,0,1104010001,NULL,NULL,NULL,NULL,NULL,0.00,1000000.00,'For sale of plot# 39-B , 06 Marla usmania Village Block B per Marla Rs. 700,000 to Naeem Ullah S/o Muhammad Iqbal\r\n',NULL,NULL,NULL,NULL,NULL,NULL,NULL,1,NULL,'0',0.00,NULL,0.00,0,NULL,NULL),(582,'JV0000094','JV0000094','2020-03-09',NULL,0,1103010220,NULL,NULL,NULL,NULL,NULL,1000000.00,0.00,'For sale of plot# 39-B , 06 Marla usmania Village Block B per Marla Rs. 700,000 to Naeem Ullah S/o Muhammad Iqbal\r\n',NULL,NULL,NULL,NULL,NULL,NULL,NULL,1,NULL,'0',0.00,NULL,0.00,0,NULL,NULL),(583,'JV0000095','JV0000095','2020-03-09',NULL,0,1104010001,NULL,NULL,NULL,NULL,NULL,0.00,40000.00,'Cash received from Shah Nawaz s/o Ghulam Farid for sale of 05 Marla gulberg Phase 4 Block D\r\n',NULL,NULL,NULL,NULL,NULL,NULL,NULL,1,NULL,'0',0.00,NULL,0.00,0,NULL,NULL),(584,'JV0000095','JV0000095','2020-03-09',NULL,0,1103010221,NULL,NULL,NULL,NULL,NULL,40000.00,0.00,'Cash received from Shah Nawaz s/o Ghulam Farid for sale of 05 Marla gulberg Phase 4 Block D\r\n',NULL,NULL,NULL,NULL,NULL,NULL,NULL,1,NULL,'0',0.00,NULL,0.00,0,NULL,NULL),(585,'JV0000096','JV0000096','2020-03-09',NULL,0,1104010001,NULL,NULL,NULL,NULL,NULL,0.00,10000.00,'For sale of plot# 23, 24 city garden d.g.khan per marla 685000 to Muhammad Ejaz s/o Hafiz Atta Muhammad\r\n',NULL,NULL,NULL,NULL,NULL,NULL,NULL,1,NULL,'0',0.00,NULL,0.00,0,NULL,NULL),(586,'JV0000096','JV0000096','2020-03-09',NULL,0,1103010209,NULL,NULL,NULL,NULL,NULL,10000.00,0.00,'For sale of plot# 23, 24 city garden d.g.khan per marla 685000 to Muhammad Ejaz s/o Hafiz Atta Muhammad\r\n',NULL,NULL,NULL,NULL,NULL,NULL,NULL,1,NULL,'0',0.00,NULL,0.00,0,NULL,NULL),(587,'JV0000097','JV0000097','2020-03-02',NULL,0,1103010027,NULL,NULL,NULL,NULL,NULL,0.00,1000.00,'Paid cash for contribution Masjid Block 1\r\n',NULL,NULL,NULL,NULL,NULL,NULL,NULL,1,NULL,'0',0.00,NULL,0.00,0,NULL,NULL),(588,'JV0000097','JV0000097','2020-03-02',NULL,0,1103010027,NULL,NULL,NULL,NULL,NULL,0.00,5000.00,'Paid cash Hafiz Ghulam Qadir Sb\r\n',NULL,NULL,NULL,NULL,NULL,NULL,NULL,1,NULL,'0',0.00,NULL,0.00,0,NULL,NULL),(589,'JV0000097','JV0000097','2020-03-02',NULL,0,1103010027,NULL,NULL,NULL,NULL,NULL,0.00,1000.00,'Paid cash Disable Person\r\n',NULL,NULL,NULL,NULL,NULL,NULL,NULL,1,NULL,'0',0.00,NULL,0.00,0,NULL,NULL),(590,'JV0000097','JV0000097','2020-03-02',NULL,0,1104010001,NULL,NULL,NULL,NULL,NULL,7000.00,0.00,'For Zahid sb P.P',NULL,NULL,NULL,NULL,NULL,NULL,NULL,1,NULL,'0',0.00,NULL,0.00,0,NULL,NULL),(591,'JV0000098','JV0000098','2020-03-02',NULL,0,1103010004,NULL,NULL,NULL,NULL,NULL,0.00,500.00,'Paid cash to Qari Muhammad Amir\r\n',NULL,NULL,NULL,NULL,NULL,NULL,NULL,1,NULL,'0',0.00,NULL,0.00,0,NULL,NULL),(592,'JV0000098','JV0000098','2020-03-02',NULL,0,1104010001,NULL,NULL,NULL,NULL,NULL,500.00,0.00,'Paid cash to Qari Muhammad Amir\r\n',NULL,NULL,NULL,NULL,NULL,NULL,NULL,1,NULL,'0',0.00,NULL,0.00,0,NULL,NULL),(593,'JV0000099','JV0000099','2020-03-04',NULL,0,1103010027,NULL,NULL,NULL,NULL,NULL,0.00,2000.00,'Paid cash to student Aman Ullah',NULL,NULL,NULL,NULL,NULL,NULL,NULL,1,NULL,'0',0.00,NULL,0.00,0,NULL,NULL),(594,'JV0000099','JV0000099','2020-03-04',NULL,0,1104010001,NULL,NULL,NULL,NULL,NULL,2000.00,0.00,'Paid cash to student Aman Ullah',NULL,NULL,NULL,NULL,NULL,NULL,NULL,1,NULL,'0',0.00,NULL,0.00,0,NULL,NULL),(595,'JV0000100','JV0000100','2020-03-18',NULL,0,1103010027,NULL,NULL,NULL,NULL,NULL,0.00,2000.00,'Paid cash to  Mian Abdul Karim\r\n',NULL,NULL,NULL,NULL,NULL,NULL,NULL,1,NULL,'0',0.00,NULL,0.00,0,NULL,NULL),(596,'JV0000100','JV0000100','2020-03-18',NULL,0,1104010001,NULL,NULL,NULL,NULL,NULL,2000.00,0.00,'Paid cash to  Mian Abdul Karim\r\n',NULL,NULL,NULL,NULL,NULL,NULL,NULL,1,NULL,'0',0.00,NULL,0.00,0,NULL,NULL),(597,'JV0000101','JV0000101','2020-03-09',NULL,0,1103010027,NULL,NULL,NULL,NULL,NULL,0.00,3000.00,'Paid cash to Sultan Sb\r\n',NULL,NULL,NULL,NULL,NULL,NULL,NULL,1,NULL,'0',0.00,NULL,0.00,0,NULL,NULL),(598,'JV0000101','JV0000101','2020-03-09',NULL,0,1104010001,NULL,NULL,NULL,NULL,NULL,3000.00,0.00,'Paid cash to Sultan Sb\r\n',NULL,NULL,NULL,NULL,NULL,NULL,NULL,1,NULL,'0',0.00,NULL,0.00,0,NULL,NULL),(599,'JV0000102','JV0000102','2020-03-10',NULL,0,1103010027,NULL,NULL,NULL,NULL,NULL,0.00,9000.00,'Paid smester fee for student of university order by usman sb\r\n',NULL,NULL,NULL,NULL,NULL,NULL,NULL,1,NULL,'0',0.00,NULL,0.00,0,NULL,NULL),(600,'JV0000102','JV0000102','2020-03-10',NULL,0,1104010001,NULL,NULL,NULL,NULL,NULL,9000.00,0.00,'Paid smester fee for student of university order by usman sb\r\n',NULL,NULL,NULL,NULL,NULL,NULL,NULL,1,NULL,'0',0.00,NULL,0.00,0,NULL,NULL),(601,'JV0000103','JV0000103','2020-03-02',NULL,0,1103010028,NULL,NULL,NULL,NULL,NULL,0.00,5000.00,'Paid cash to Hashim Mate for site expenses city garden\r\n',NULL,NULL,NULL,NULL,NULL,NULL,NULL,1,NULL,'0',0.00,NULL,0.00,0,NULL,NULL),(602,'JV0000103','JV0000103','2020-03-02',NULL,0,1104010001,NULL,NULL,NULL,NULL,NULL,5000.00,0.00,'Paid cash to Hashim Mate for site expenses city garden\r\n',NULL,NULL,NULL,NULL,NULL,NULL,NULL,1,NULL,'0',0.00,NULL,0.00,0,NULL,NULL),(603,'JV0000104','JV0000104','2020-03-02',NULL,0,1103010039,NULL,NULL,NULL,NULL,NULL,0.00,3000.00,'Paid cash for office repairing electricity work bill paid to five star electric Ashraf Babu\r\n',NULL,NULL,NULL,NULL,NULL,NULL,NULL,1,NULL,'0',0.00,NULL,0.00,0,NULL,NULL),(604,'JV0000104','JV0000104','2020-03-02',NULL,0,1104010001,NULL,NULL,NULL,NULL,NULL,3000.00,0.00,'Paid cash for office repairing electricity work bill paid to five star electric Ashraf Babu\r\n',NULL,NULL,NULL,NULL,NULL,NULL,NULL,1,NULL,'0',0.00,NULL,0.00,0,NULL,NULL),(605,'JV0000105','JV0000105','2020-03-18',NULL,0,1103010136,NULL,NULL,NULL,NULL,NULL,0.00,700.00,'Payment for plumber hafiz sanitry store c/o makhan bhai\r\n',NULL,NULL,NULL,NULL,NULL,NULL,NULL,1,NULL,'0',0.00,NULL,0.00,0,NULL,NULL),(606,'JV0000105','JV0000105','2020-03-18',NULL,0,1104010001,NULL,NULL,NULL,NULL,NULL,700.00,0.00,'Payment for plumber hafiz sanitry store c/o makhan bhai\r\n',NULL,NULL,NULL,NULL,NULL,NULL,NULL,1,NULL,'0',0.00,NULL,0.00,0,NULL,NULL),(607,'JV0000106','JV0000106','2020-03-02',NULL,0,1103010016,NULL,NULL,NULL,NULL,NULL,0.00,30000.00,'Paid cash to Nasrullah Sb for sakhi sarwar hospital expenses\r\n',NULL,NULL,NULL,NULL,NULL,NULL,NULL,1,NULL,'0',0.00,NULL,0.00,0,NULL,NULL),(608,'JV0000106','JV0000106','2020-03-02',NULL,0,1104010001,NULL,NULL,NULL,NULL,NULL,30000.00,0.00,'Paid cash to Nasrullah Sb for sakhi sarwar hospital expenses\r\n',NULL,NULL,NULL,NULL,NULL,NULL,NULL,1,NULL,'0',0.00,NULL,0.00,0,NULL,NULL),(609,'JV0000107','JV0000107','2020-03-03',NULL,0,1103010003,NULL,NULL,NULL,NULL,NULL,0.00,15000.00,'Paid cash to Usman Sb\r\n',NULL,NULL,NULL,NULL,NULL,NULL,NULL,1,NULL,'0',0.00,NULL,0.00,0,NULL,NULL),(610,'JV0000107','JV0000107','2020-03-03',NULL,0,1104010001,NULL,NULL,NULL,NULL,NULL,15000.00,0.00,'Paid cash to Usman Sb',NULL,NULL,NULL,NULL,NULL,NULL,NULL,1,NULL,'0',0.00,NULL,0.00,0,NULL,NULL),(611,'JV0000108','JV0000108','2020-03-04',NULL,0,1103010016,NULL,NULL,NULL,NULL,NULL,0.00,25000.00,'Paid cash for payment to Tehsil dar in sanawan \r\n',NULL,NULL,NULL,NULL,NULL,NULL,NULL,1,NULL,'0',0.00,NULL,0.00,0,NULL,NULL),(612,'JV0000108','JV0000108','2020-03-04',NULL,0,1104010001,NULL,NULL,NULL,NULL,NULL,25000.00,0.00,'Paid cash for payment to Tehsil dar in sanawan \r\n',NULL,NULL,NULL,NULL,NULL,NULL,NULL,1,NULL,'0',0.00,NULL,0.00,0,NULL,NULL),(613,'JV0000109','JV0000109','2020-03-04',NULL,0,1103010223,NULL,NULL,NULL,NULL,NULL,0.00,4000.00,'Paid for mobile bill zahid sb\r\n',NULL,NULL,NULL,NULL,NULL,NULL,NULL,1,NULL,'0',0.00,NULL,0.00,0,NULL,NULL),(614,'JV0000109','JV0000109','2020-03-04',NULL,0,1104010001,NULL,NULL,NULL,NULL,NULL,4000.00,0.00,'Paid for mobile bill zahid sb\r\n',NULL,NULL,NULL,NULL,NULL,NULL,NULL,1,NULL,'0',0.00,NULL,0.00,0,NULL,NULL),(615,'JV0000110','JV0000110','2020-03-04',NULL,0,1801010004,NULL,NULL,NULL,NULL,NULL,0.00,230.00,'Paid gas bill\r\n',NULL,NULL,NULL,NULL,NULL,NULL,NULL,1,NULL,'0',0.00,NULL,0.00,0,NULL,NULL),(616,'JV0000110','JV0000110','2020-03-04',NULL,0,1104010001,NULL,NULL,NULL,NULL,NULL,230.00,0.00,'Paid gas bill\r\n',NULL,NULL,NULL,NULL,NULL,NULL,NULL,1,NULL,'0',0.00,NULL,0.00,0,NULL,NULL),(617,'JV0000111','JV0000111','2020-03-04',NULL,0,1103010136,NULL,NULL,NULL,NULL,NULL,0.00,250.00,'Paid gas bill\r\n',NULL,NULL,NULL,NULL,NULL,NULL,NULL,1,NULL,'0',0.00,NULL,0.00,0,NULL,NULL),(618,'JV0000111','JV0000111','2020-03-04',NULL,0,1103010136,NULL,NULL,NULL,NULL,NULL,0.00,10000.00,'Paid for cow expenses 03-03- to\r\n',NULL,NULL,NULL,NULL,NULL,NULL,NULL,1,NULL,'0',0.00,NULL,0.00,0,NULL,NULL),(619,'JV0000111','JV0000111','2020-03-04',NULL,0,1104010001,NULL,NULL,NULL,NULL,NULL,10250.00,0.00,'for kothi expenses',NULL,NULL,NULL,NULL,NULL,NULL,NULL,1,NULL,'0',0.00,NULL,0.00,0,NULL,NULL),(620,'JV0000112','JV0000112','2020-03-04',NULL,0,1103010224,NULL,NULL,NULL,NULL,NULL,0.00,1000.00,'Paid petrol Suzuki to Anees Ur Rehman\r\n',NULL,NULL,NULL,NULL,NULL,NULL,NULL,1,NULL,'0',0.00,NULL,0.00,0,NULL,NULL),(621,'JV0000112','JV0000112','2020-03-04',NULL,0,1104010001,NULL,NULL,NULL,NULL,NULL,1000.00,0.00,'Paid petrol Suzuki to Anees Ur Rehman\r\n',NULL,NULL,NULL,NULL,NULL,NULL,NULL,1,NULL,'0',0.00,NULL,0.00,0,NULL,NULL),(622,'JV0000113','JV0000113','2020-03-04',NULL,0,1801010003,NULL,NULL,NULL,NULL,NULL,0.00,18000.00,'Paid salary for feb 2020 to mian abdul karim\r\n',NULL,NULL,NULL,NULL,NULL,NULL,NULL,1,NULL,'0',0.00,NULL,0.00,0,NULL,NULL),(623,'JV0000113','JV0000113','2020-03-04',NULL,0,1104010001,NULL,NULL,NULL,NULL,NULL,18000.00,0.00,'Paid salary for feb 2020 to mian abdul karim\r\n',NULL,NULL,NULL,NULL,NULL,NULL,NULL,1,NULL,'0',0.00,NULL,0.00,0,NULL,NULL),(624,'JV0000114','JV0000114','2020-03-05',NULL,0,1801010004,NULL,NULL,NULL,NULL,NULL,0.00,7740.00,'Paid for office entertainment expenses from 08-02-20 to 29-02-2020 c/o Makhan Bhai\r\n',NULL,NULL,NULL,NULL,NULL,NULL,NULL,1,NULL,'0',0.00,NULL,0.00,0,NULL,NULL),(625,'JV0000114','JV0000114','2020-03-05',NULL,0,1104010001,NULL,NULL,NULL,NULL,NULL,7740.00,0.00,'Paid for office entertainment expenses from 08-02-20 to 29-02-2020 c/o Makhan Bhai\r\n',NULL,NULL,NULL,NULL,NULL,NULL,NULL,1,NULL,'0',0.00,NULL,0.00,0,NULL,NULL),(626,'JV0000115','JV0000115','2020-03-05',NULL,0,1103010133,NULL,NULL,NULL,NULL,NULL,0.00,150000.00,'Paid cash for construction of Masjid c/o Mirza Nasir\r\n',NULL,NULL,NULL,NULL,NULL,NULL,NULL,1,NULL,'0',0.00,NULL,0.00,0,NULL,NULL),(627,'JV0000115','JV0000115','2020-03-05',NULL,0,1104010001,NULL,NULL,NULL,NULL,NULL,150000.00,0.00,'Paid cash for construction of Masjid c/o Mirza Nasir\r\n',NULL,NULL,NULL,NULL,NULL,NULL,NULL,1,NULL,'0',0.00,NULL,0.00,0,NULL,NULL),(628,'JV0000116','JV0000116','2020-03-05',NULL,0,1103010011,NULL,NULL,NULL,NULL,NULL,0.00,50000.00,'Paid cash to Ahmad s/o Younas Aziz for aziz model factory\r\n',NULL,NULL,NULL,NULL,NULL,NULL,NULL,1,NULL,'0',0.00,NULL,0.00,0,NULL,NULL),(629,'JV0000116','JV0000116','2020-03-05',NULL,0,1104010001,NULL,NULL,NULL,NULL,NULL,50000.00,0.00,'Paid cash to Ahmad s/o Younas Aziz for aziz model factory\r\n',NULL,NULL,NULL,NULL,NULL,NULL,NULL,1,NULL,'0',0.00,NULL,0.00,0,NULL,NULL),(630,'JV0000117','JV0000117','2020-03-05',NULL,0,1103010134,NULL,NULL,NULL,NULL,NULL,0.00,400000.00,'Paid by cash deposit to Mirza asmat sb ubl ac\r\n',NULL,NULL,NULL,NULL,NULL,NULL,NULL,1,NULL,'0',0.00,NULL,0.00,0,NULL,NULL),(631,'JV0000117','JV0000117','2020-03-05',NULL,0,1104010001,NULL,NULL,NULL,NULL,NULL,400000.00,0.00,'Paid by cash deposit to Mirza asmat sb ubl ac\r\n',NULL,NULL,NULL,NULL,NULL,NULL,NULL,1,NULL,'0',0.00,NULL,0.00,0,NULL,NULL),(632,'JV0000118','JV0000118','2020-03-05',NULL,0,1103010016,NULL,NULL,NULL,NULL,NULL,0.00,200000.00,'Cash deposit into Nasrullah Sb HBL Ac for jalalpur pir wala\r\n',NULL,NULL,NULL,NULL,NULL,NULL,NULL,1,NULL,'0',0.00,NULL,0.00,0,NULL,NULL),(633,'JV0000118','JV0000118','2020-03-05',NULL,0,1104010001,NULL,NULL,NULL,NULL,NULL,200000.00,0.00,'Cash deposit into Nasrullah Sb HBL Ac for jalalpur pir wala\r\n',NULL,NULL,NULL,NULL,NULL,NULL,NULL,1,NULL,'0',0.00,NULL,0.00,0,NULL,NULL),(634,'JV0000119','JV0000119','2020-03-06',NULL,0,1103010223,NULL,NULL,NULL,NULL,NULL,0.00,8000.00,'Paid cell phone bill remaining amount clear c/o Mujahid\r\n',NULL,NULL,NULL,NULL,NULL,NULL,NULL,1,NULL,'0',0.00,NULL,0.00,0,NULL,NULL),(635,'JV0000119','JV0000119','2020-03-06',NULL,0,1103010223,NULL,NULL,NULL,NULL,NULL,0.00,47000.00,'Paid cash for Air Tickets Family Karachi to D.G.Khan to Asim Halti Sb\r\n',NULL,NULL,NULL,NULL,NULL,NULL,NULL,1,NULL,'0',0.00,NULL,0.00,0,NULL,NULL),(636,'JV0000119','JV0000119','2020-03-06',NULL,0,1104010001,NULL,NULL,NULL,NULL,NULL,55000.00,0.00,'For Zahid Sb Personal',NULL,NULL,NULL,NULL,NULL,NULL,NULL,1,NULL,'0',0.00,NULL,0.00,0,NULL,NULL),(637,'JV0000120','JV0000120','2020-03-06',NULL,0,1103010222,NULL,NULL,NULL,NULL,NULL,0.00,60000.00,'Paid waleed printing High sign multan for cliding work at usmania village paid by via online allied bank ac#0010053144630010\r\n',NULL,NULL,NULL,NULL,NULL,NULL,NULL,1,NULL,'0',0.00,NULL,0.00,0,NULL,NULL),(638,'JV0000120','JV0000120','2020-03-06',NULL,0,1104010001,NULL,NULL,NULL,NULL,NULL,60000.00,0.00,'Paid waleed printing High sign multan for cliding work at usmania village paid by via online allied bank ac#0010053144630010\r\n',NULL,NULL,NULL,NULL,NULL,NULL,NULL,1,NULL,'0',0.00,NULL,0.00,0,NULL,NULL),(639,'JV0000121','JV0000121','2020-03-07',NULL,0,1801010003,NULL,NULL,NULL,NULL,NULL,0.00,7000.00,'Paid salary for the month of Feb 2020 to Qari Muhammad Jamil\r\n',NULL,NULL,NULL,NULL,NULL,NULL,NULL,1,NULL,'0',0.00,NULL,0.00,0,NULL,NULL),(640,'JV0000121','JV0000121','2020-03-07',NULL,0,1104010001,NULL,NULL,NULL,NULL,NULL,7000.00,0.00,'Paid salary for the month of Feb 2020 to Qari Muhammad Jamil\r\n',NULL,NULL,NULL,NULL,NULL,NULL,NULL,1,NULL,'0',0.00,NULL,0.00,0,NULL,NULL),(641,'JV0000122','JV0000122','2020-03-07',NULL,0,1103010136,NULL,NULL,NULL,NULL,NULL,0.00,5000.00,'Paid for cow expenses from to\r\n',NULL,NULL,NULL,NULL,NULL,NULL,NULL,1,NULL,'0',0.00,NULL,0.00,0,NULL,NULL),(642,'JV0000122','JV0000122','2020-03-07',NULL,0,1104010001,NULL,NULL,NULL,NULL,NULL,5000.00,0.00,'Paid for cow expenses from to\r\n',NULL,NULL,NULL,NULL,NULL,NULL,NULL,1,NULL,'0',0.00,NULL,0.00,0,NULL,NULL),(643,'JV0000123','JV0000123','2020-03-09',NULL,0,1104010001,NULL,NULL,NULL,NULL,NULL,0.00,194400.00,'For remaining Salary paid by cheque# 05554527 dib\r\n',NULL,NULL,NULL,NULL,NULL,NULL,NULL,1,NULL,'0',0.00,NULL,0.00,0,NULL,NULL),(644,'JV0000123','JV0000123','2020-03-09',NULL,0,1104010006,NULL,NULL,NULL,NULL,NULL,194400.00,0.00,'For remaining Salary paid by cheque# 05554527 dib\r\n',NULL,NULL,NULL,NULL,NULL,NULL,NULL,1,NULL,'0',0.00,NULL,0.00,0,NULL,NULL),(647,'JV0000124','JV0000124','2020-03-09',NULL,0,1801010013,NULL,NULL,NULL,NULL,NULL,0.00,45000.00,'Paid cash for commission plot# 39-b , 06 Marla Usmania Village Block B to Prof. Kazim Sb \r\n',NULL,NULL,NULL,NULL,NULL,NULL,NULL,1,NULL,'0',0.00,NULL,0.00,0,NULL,NULL),(648,'JV0000124','JV0000124','2020-03-09',NULL,0,1104010001,NULL,NULL,NULL,NULL,NULL,45000.00,0.00,'Paid cash for commission plot# 39-b , 06 Marla Usmania Village Block B to Prof. Kazim Sb \r\n',NULL,NULL,NULL,NULL,NULL,NULL,NULL,1,NULL,'0',0.00,NULL,0.00,0,NULL,NULL),(649,'JV0000125','JV0000125','2020-03-09',NULL,0,1103010039,NULL,NULL,NULL,NULL,NULL,0.00,32000.00,'Paid cash for purchase 08 Nos Fan to Ashraf Babu five star electric store\r\n',NULL,NULL,NULL,NULL,NULL,NULL,NULL,1,NULL,'0',0.00,NULL,0.00,0,NULL,NULL),(650,'JV0000125','JV0000125','2020-03-09',NULL,0,1104010001,NULL,NULL,NULL,NULL,NULL,32000.00,0.00,'Paid cash for purchase 08 Nos Fan to Ashraf Babu five star electric store\r\n',NULL,NULL,NULL,NULL,NULL,NULL,NULL,1,NULL,'0',0.00,NULL,0.00,0,NULL,NULL),(651,'JV0000126','JV0000126','2020-03-09',NULL,0,1103010223,NULL,NULL,NULL,NULL,NULL,0.00,25000.00,'Paid cash to Zahid sb for personal use\r\n',NULL,NULL,NULL,NULL,NULL,NULL,NULL,1,NULL,'0',0.00,NULL,0.00,0,NULL,NULL),(652,'JV0000126','JV0000126','2020-03-09',NULL,0,1104010001,NULL,NULL,NULL,NULL,NULL,25000.00,0.00,'Paid cash to Zahid sb for personal use\r\n',NULL,NULL,NULL,NULL,NULL,NULL,NULL,1,NULL,'0',0.00,NULL,0.00,0,NULL,NULL),(653,'JV0000127','JV0000127','2020-03-09',NULL,0,1103010206,NULL,NULL,NULL,NULL,NULL,0.00,25000.00,'Paid cash to Munir Ahmad for sakhi sarwar site expenses\r\n',NULL,NULL,NULL,NULL,NULL,NULL,NULL,1,NULL,'0',0.00,NULL,0.00,0,NULL,NULL),(654,'JV0000127','JV0000127','2020-03-09',NULL,0,1104010001,NULL,NULL,NULL,NULL,NULL,25000.00,0.00,'Paid cash to Munir Ahmad for sakhi sarwar site expenses\r\n',NULL,NULL,NULL,NULL,NULL,NULL,NULL,1,NULL,'0',0.00,NULL,0.00,0,NULL,NULL),(655,'JV0000128','JV0000128','2020-03-09',NULL,0,1103010136,NULL,NULL,NULL,NULL,NULL,0.00,3070.00,'Paid cash for wate bill feb 2020\r\n',NULL,NULL,NULL,NULL,NULL,NULL,NULL,1,NULL,'0',0.00,NULL,0.00,0,NULL,NULL),(656,'JV0000128','JV0000128','2020-03-09',NULL,0,1104010001,NULL,NULL,NULL,NULL,NULL,3070.00,0.00,'Paid cash for wate bill feb 2020\r\n',NULL,NULL,NULL,NULL,NULL,NULL,NULL,1,NULL,'0',0.00,NULL,0.00,0,NULL,NULL),(657,'JV0000129','JV0000129','2020-03-09',NULL,0,1801010004,NULL,NULL,NULL,NULL,NULL,0.00,1200.00,'Paid cash for water bill feb 2020\r\n',NULL,NULL,NULL,NULL,NULL,NULL,NULL,1,NULL,'0',0.00,NULL,0.00,0,NULL,NULL),(658,'JV0000129','JV0000129','2020-03-09',NULL,0,1104010001,NULL,NULL,NULL,NULL,NULL,1200.00,0.00,'Paid cash for water bill feb 2020\r\n',NULL,NULL,NULL,NULL,NULL,NULL,NULL,1,NULL,'0',0.00,NULL,0.00,0,NULL,NULL),(659,'JV0000130','JV0000130','2020-03-09',NULL,0,1801010003,NULL,NULL,NULL,NULL,NULL,0.00,15000.00,'City Garden D.G.Khan - Paid salary for the month of feb 2020 to Muhammad Ishaq office boy\r\n',NULL,NULL,NULL,NULL,NULL,NULL,NULL,1,NULL,'0',0.00,NULL,0.00,0,NULL,NULL),(660,'JV0000130','JV0000130','2020-03-09',NULL,0,1104010001,NULL,NULL,NULL,NULL,NULL,15000.00,0.00,'City Garden D.G.Khan - Paid salary for the month of feb 2020 to Muhammad Ishaq office boy\r\n',NULL,NULL,NULL,NULL,NULL,NULL,NULL,1,NULL,'0',0.00,NULL,0.00,0,NULL,NULL),(661,'JV0000131','JV0000131','2020-03-18',NULL,0,1801010012,NULL,NULL,NULL,NULL,NULL,0.00,900.00,'Paid cash for printing new voucher book 04 Nos\r\n',NULL,NULL,NULL,NULL,NULL,NULL,NULL,1,NULL,'0',0.00,NULL,0.00,0,NULL,NULL),(662,'JV0000131','JV0000131','2020-03-18',NULL,0,1104010001,NULL,NULL,NULL,NULL,NULL,900.00,0.00,'Paid cash for printing new voucher book 04 Nos\r\n',NULL,NULL,NULL,NULL,NULL,NULL,NULL,1,NULL,'0',0.00,NULL,0.00,0,NULL,NULL),(663,'JV0000132','JV0000132','2020-03-17',NULL,0,1104010001,NULL,NULL,NULL,NULL,NULL,0.00,200000.00,'For office expenses by cheque# 05554531 dib ac',NULL,NULL,NULL,NULL,NULL,NULL,NULL,1,NULL,'0',0.00,NULL,0.00,0,NULL,NULL),(664,'JV0000132','JV0000132','2020-03-17',NULL,0,1104010006,NULL,NULL,NULL,NULL,NULL,200000.00,0.00,'For office expenses by cheque# 05554531 dib ac',NULL,NULL,NULL,NULL,NULL,NULL,NULL,1,NULL,'0',0.00,NULL,0.00,0,NULL,NULL),(665,'JV0000133','JV0000133','2020-03-17',NULL,0,1104010001,NULL,NULL,NULL,NULL,NULL,0.00,100000.00,'for office expenses by cheque# 05554532 dib ac',NULL,NULL,NULL,NULL,NULL,NULL,NULL,1,NULL,'0',0.00,NULL,0.00,0,NULL,NULL),(666,'JV0000133','JV0000133','2020-03-17',NULL,0,1104010006,NULL,NULL,NULL,NULL,NULL,100000.00,0.00,'for office expenses by cheque# 05554532 dib ac',NULL,NULL,NULL,NULL,NULL,NULL,NULL,1,NULL,'0',0.00,NULL,0.00,0,NULL,NULL),(667,'JV0000134','JV0000134','2020-03-17',NULL,0,1103010226,NULL,NULL,NULL,NULL,NULL,0.00,50000.00,'For usmania village advance returne c/o Yasin sb paid by cheque# 00000568 HBL Ac',NULL,NULL,NULL,NULL,NULL,NULL,NULL,1,NULL,'0',0.00,NULL,0.00,0,NULL,NULL),(668,'JV0000134','JV0000134','2020-03-17',NULL,0,1104010004,NULL,NULL,NULL,NULL,NULL,50000.00,0.00,'For usmania village advance returne c/o Yasin sb paid by cheque# 00000568 HBL Ac',NULL,NULL,NULL,NULL,NULL,NULL,NULL,1,NULL,'0',0.00,NULL,0.00,0,NULL,NULL),(669,'JV0000135','JV0000135','2020-03-17',NULL,0,1801010013,NULL,NULL,NULL,NULL,NULL,0.00,25000.00,'Paid commission to Javed Korai paid by cheque# 21060190 Silk Bank u&s Ac city garden plots',NULL,NULL,NULL,NULL,NULL,NULL,NULL,1,NULL,'0',0.00,NULL,0.00,0,NULL,NULL),(670,'JV0000135','JV0000135','2020-03-17',NULL,0,1104010008,NULL,NULL,NULL,NULL,NULL,25000.00,0.00,'Paid commission to Javed Korai paid by cheque# 21060190 Silk Bank u&s Ac city garden plots',NULL,NULL,NULL,NULL,NULL,NULL,NULL,1,NULL,'0',0.00,NULL,0.00,0,NULL,NULL),(671,'JV0000136','JV0000136','2020-03-17',NULL,0,1103010227,NULL,NULL,NULL,NULL,NULL,0.00,100000.00,'City Garden - Paid by cheque# 210260191 Silk Bank for purchase 06 Kanal city garden d.g.khan c/o Javed Korai',NULL,NULL,NULL,NULL,NULL,NULL,NULL,1,NULL,'0',0.00,NULL,0.00,0,NULL,NULL),(672,'JV0000136','JV0000136','2020-03-17',NULL,0,1104010008,NULL,NULL,NULL,NULL,NULL,100000.00,0.00,'City Garden - Paid by cheque# 210260191 Silk Bank for purchase 06 Kanal city garden d.g.khan c/o Javed Korai',NULL,NULL,NULL,NULL,NULL,NULL,NULL,1,NULL,'0',0.00,NULL,0.00,0,NULL,NULL),(703,'JV0000137','JV0000137','2020-03-17',NULL,0,1801010005,NULL,NULL,NULL,NULL,NULL,0.00,5000.00,'Hashim Labour Katwai city garden d.g.khan c/o shahzad jaskani',NULL,NULL,NULL,NULL,NULL,NULL,NULL,1,NULL,'0',0.00,NULL,0.00,0,NULL,NULL),(704,'JV0000137','JV0000137','2020-03-17',NULL,0,1103010224,NULL,NULL,NULL,NULL,NULL,0.00,3870.00,'Purchase Diesel  29/2  city garden d.g.khan c/o shahzad jaskani',NULL,NULL,NULL,NULL,NULL,NULL,NULL,1,NULL,'0',0.00,NULL,0.00,0,NULL,NULL),(705,'JV0000137','JV0000137','2020-03-17',NULL,0,1801010013,NULL,NULL,NULL,NULL,NULL,0.00,36000.00,'Commission Registry fee  c/o shahzad jaskani',NULL,NULL,NULL,NULL,NULL,NULL,NULL,1,NULL,'0',0.00,NULL,0.00,0,NULL,NULL),(706,'JV0000137','JV0000137','2020-03-17',NULL,0,1103010236,NULL,NULL,NULL,NULL,NULL,0.00,15000.00,'Registry 15 Marla c/o shahzad jaskani',NULL,NULL,NULL,NULL,NULL,NULL,NULL,1,NULL,'0',0.00,NULL,0.00,0,NULL,NULL),(707,'JV0000137','JV0000137','2020-03-17',NULL,0,1103010224,NULL,NULL,NULL,NULL,NULL,0.00,31378.00,'Diesel Roller city garden d.g.khan  c/o shahzad jaskani',NULL,NULL,NULL,NULL,NULL,NULL,NULL,1,NULL,'0',0.00,NULL,0.00,0,NULL,NULL),(708,'JV0000137','JV0000137','2020-03-17',NULL,0,1103010224,NULL,NULL,NULL,NULL,NULL,0.00,2000.00,'open petrol city garden d.g.khan  c/o shahzad jaskani',NULL,NULL,NULL,NULL,NULL,NULL,NULL,1,NULL,'0',0.00,NULL,0.00,0,NULL,NULL),(709,'JV0000137','JV0000137','2020-03-17',NULL,0,1103010224,NULL,NULL,NULL,NULL,NULL,0.00,3720.00,'Diesel 9-3-2020 city garden d.g.khan  c/o shahzad jaskani',NULL,NULL,NULL,NULL,NULL,NULL,NULL,1,NULL,'0',0.00,NULL,0.00,0,NULL,NULL),(710,'JV0000137','JV0000137','2020-03-17',NULL,0,1103010224,NULL,NULL,NULL,NULL,NULL,0.00,7000.00,'Diesel 5-3-20 city garden d.g.khan  c/o shahzad jaskani',NULL,NULL,NULL,NULL,NULL,NULL,NULL,1,NULL,'0',0.00,NULL,0.00,0,NULL,NULL),(711,'JV0000137','JV0000137','2020-03-17',NULL,0,1103010224,NULL,NULL,NULL,NULL,NULL,0.00,5410.00,'dieseol 18-3-20 city garden d.g.khan  c/o shahzad jaskani',NULL,NULL,NULL,NULL,NULL,NULL,NULL,1,NULL,'0',0.00,NULL,0.00,0,NULL,NULL),(712,'JV0000137','JV0000137','2020-03-17',NULL,0,1103010236,NULL,NULL,NULL,NULL,NULL,0.00,250000.00,'Registry Abid Babar Hussain city garden d.g.khan  c/o shahzad jaskani',NULL,NULL,NULL,NULL,NULL,NULL,NULL,1,NULL,'0',0.00,NULL,0.00,0,NULL,NULL),(713,'JV0000137','JV0000137','2020-03-17',NULL,0,1103010238,NULL,NULL,NULL,NULL,NULL,0.00,1000.00,'misc expenses city garden d.g.khan',NULL,NULL,NULL,NULL,NULL,NULL,NULL,1,NULL,'0',0.00,NULL,0.00,0,NULL,NULL),(714,'JV0000137','JV0000137','2020-03-17',NULL,0,1103010237,NULL,NULL,NULL,NULL,NULL,0.00,5700.00,'Purcahse Chairs for city garden d.g.khan',NULL,NULL,NULL,NULL,NULL,NULL,NULL,1,NULL,'0',0.00,NULL,0.00,0,NULL,NULL),(715,'JV0000137','JV0000137','2020-03-17',NULL,0,1103010028,NULL,NULL,NULL,NULL,NULL,0.00,20000.00,'Site expenses city garden d.g.khan Muhammad Hashim Mate c/o Shahzad Jaskani',NULL,NULL,NULL,NULL,NULL,NULL,NULL,1,NULL,'0',0.00,NULL,0.00,0,NULL,NULL),(716,'JV0000137','JV0000137','2020-03-17',NULL,0,1801010004,NULL,NULL,NULL,NULL,NULL,0.00,4422.00,'Purcahse office &#1705;&#1585;&#1575;&#1705;&#1585;&#1740;',NULL,NULL,NULL,NULL,NULL,NULL,NULL,1,NULL,'0',0.00,NULL,0.00,0,NULL,NULL),(717,'JV0000137','JV0000137','2020-03-17',NULL,0,1104010008,NULL,NULL,NULL,NULL,NULL,390500.00,0.00,'paid to shahzad jaskani sb for different expenses paid by silk bank cheque',NULL,NULL,NULL,NULL,NULL,NULL,NULL,1,NULL,'0',0.00,NULL,0.00,0,NULL,NULL),(722,'JV0000138','JV0000138','2020-03-10',NULL,0,1801010003,NULL,NULL,NULL,NULL,NULL,0.00,314000.00,'Paid salary for the month of Feb 2020\r\n',NULL,NULL,NULL,NULL,NULL,NULL,NULL,1,NULL,'0',0.00,NULL,0.00,0,NULL,NULL),(723,'JV0000138','JV0000138','2020-03-10',NULL,0,1104010001,NULL,NULL,NULL,NULL,NULL,314000.00,0.00,'Paid salary for the month of Feb 2020\r\n',NULL,NULL,NULL,NULL,NULL,NULL,NULL,1,NULL,'0',0.00,NULL,0.00,0,NULL,NULL),(724,'JV0000004','JV0000004','2020-03-12',NULL,0,1103010140,NULL,NULL,NULL,NULL,NULL,0.00,500000.00,'Jalalpur Pir Wala- Purcahse iron from batala steel Lahore (Shalimar Steel) paid by cheque# 97919589 UBL M ZAHID online',NULL,NULL,NULL,NULL,NULL,NULL,NULL,1,NULL,'0',0.00,NULL,0.00,0,NULL,NULL),(725,'JV0000004','JV0000004','2020-03-12',NULL,0,1104010010,NULL,NULL,NULL,NULL,NULL,500000.00,0.00,'',NULL,NULL,NULL,NULL,NULL,NULL,NULL,1,NULL,'0',0.00,NULL,0.00,0,NULL,NULL),(726,'JV0000139','JV0000139','2020-03-05',NULL,0,1103010003,NULL,NULL,NULL,NULL,NULL,0.00,100000.00,'Paid cash to Usman Sb for labour expenses sakhi sarwar hospital\r\n',NULL,NULL,NULL,NULL,NULL,NULL,NULL,1,NULL,'0',0.00,NULL,0.00,0,NULL,NULL),(727,'JV0000139','JV0000139','2020-03-05',NULL,0,1104010001,NULL,NULL,NULL,NULL,NULL,100000.00,0.00,'Paid cash to Usman Sb for labour expenses sakhi sarwar hospital\r\n',NULL,NULL,NULL,NULL,NULL,NULL,NULL,1,NULL,'0',0.00,NULL,0.00,0,NULL,NULL),(728,'JV0000140','JV0000140','2020-03-05',NULL,0,1103010135,NULL,NULL,NULL,NULL,NULL,0.00,100000.00,'Paid cash For construction of 5.85 Marla usmania Village block A Yaqoob Sb\r\n',NULL,NULL,NULL,NULL,NULL,NULL,NULL,1,NULL,'0',0.00,NULL,0.00,0,NULL,NULL),(729,'JV0000140','JV0000140','2020-03-05',NULL,0,1104010001,NULL,NULL,NULL,NULL,NULL,100000.00,0.00,'Paid cash For construction of 5.85 Marla usmania Village block A Yaqoob Sb\r\n',NULL,NULL,NULL,NULL,NULL,NULL,NULL,1,NULL,'0',0.00,NULL,0.00,0,NULL,NULL),(730,'JV0000141','JV0000141','2020-03-04',NULL,0,1801010004,NULL,NULL,NULL,NULL,NULL,0.00,5928.00,'Paid electricity bill feb 2020\r\n',NULL,NULL,NULL,NULL,NULL,NULL,NULL,1,NULL,'0',0.00,NULL,0.00,0,NULL,NULL),(731,'JV0000141','JV0000141','2020-03-04',NULL,0,1104010001,NULL,NULL,NULL,NULL,NULL,5928.00,0.00,'Paid electricity bill feb 2020\r\n',NULL,NULL,NULL,NULL,NULL,NULL,NULL,1,NULL,'0',0.00,NULL,0.00,0,NULL,NULL),(732,'JV0000142','JV0000142','2020-03-09',NULL,0,1104010006,NULL,NULL,NULL,NULL,NULL,0.00,600000.00,'Deposit cash into DIB by slip# 13432018 DIB U&S\r\n',NULL,NULL,NULL,NULL,NULL,NULL,NULL,1,NULL,'0',0.00,NULL,0.00,0,NULL,NULL),(733,'JV0000142','JV0000142','2020-03-09',NULL,0,1104010006,NULL,NULL,NULL,NULL,NULL,0.00,320000.00,'Deposit cash into DIB \r\n',NULL,NULL,NULL,NULL,NULL,NULL,NULL,1,NULL,'0',0.00,NULL,0.00,0,NULL,NULL),(734,'JV0000142','JV0000142','2020-03-09',NULL,0,1104010001,NULL,NULL,NULL,NULL,NULL,920000.00,0.00,'',NULL,NULL,NULL,NULL,NULL,NULL,NULL,1,NULL,'0',0.00,NULL,0.00,0,NULL,NULL),(735,'JV0000143','JV0000143','2020-03-04',NULL,0,1801010013,NULL,NULL,NULL,NULL,NULL,0.00,170000.00,'Paid cash to Mirza Asmat Ullah Sb for commission plots# 105,106,107 gulberg phase D\r\n',NULL,NULL,NULL,NULL,NULL,NULL,NULL,1,NULL,'0',0.00,NULL,0.00,0,NULL,NULL),(736,'JV0000143','JV0000143','2020-03-04',NULL,0,1104010001,NULL,NULL,NULL,NULL,NULL,170000.00,0.00,'Paid cash to Mirza Asmat Ullah Sb for commission plots# 105,106,107 gulberg phase D\r\n',NULL,NULL,NULL,NULL,NULL,NULL,NULL,1,NULL,'0',0.00,NULL,0.00,0,NULL,NULL),(737,'JV0000144','JV0000144','2020-03-05',NULL,0,1104010008,NULL,NULL,NULL,NULL,NULL,0.00,593000.00,'Deposit cash into silk bank which was received from Prof. Muhammad Farooq Khan purchase plot gulberg phase d\r\n',NULL,NULL,NULL,NULL,NULL,NULL,NULL,1,NULL,'0',0.00,NULL,0.00,0,NULL,NULL),(738,'JV0000144','JV0000144','2020-03-05',NULL,0,1104010001,NULL,NULL,NULL,NULL,NULL,593000.00,0.00,'Deposit cash into silk bank which was received from Prof. Muhammad Farooq Khan purchase plot gulberg phase d\r\n',NULL,NULL,NULL,NULL,NULL,NULL,NULL,1,NULL,'0',0.00,NULL,0.00,0,NULL,NULL),(739,'JV0000145','JV0000145','2020-03-17',NULL,0,1103010035,NULL,NULL,NULL,NULL,NULL,0.00,98000.00,'Paid by cheque# 00000566 HBL Ac payment for Prado expenses + City Car c/o sheikh tahir sb',NULL,NULL,NULL,NULL,NULL,NULL,NULL,1,NULL,'0',0.00,NULL,0.00,0,NULL,NULL),(740,'JV0000145','JV0000145','2020-03-17',NULL,0,1104010004,NULL,NULL,NULL,NULL,NULL,98000.00,0.00,'Paid by cheque# 00000566 HBL Ac payment for Prado expenses + City Car c/o sheikh tahir sb',NULL,NULL,NULL,NULL,NULL,NULL,NULL,1,NULL,'0',0.00,NULL,0.00,0,NULL,NULL),(741,'JV0000146','JV0000146','2020-03-17',NULL,0,1103010136,NULL,NULL,NULL,NULL,NULL,0.00,156944.00,'paid Dawood Larance colllege fee by cheque# 00000569 date: 19-03-20',NULL,NULL,NULL,NULL,NULL,NULL,NULL,1,NULL,'0',0.00,NULL,0.00,0,NULL,NULL),(742,'JV0000146','JV0000146','2020-03-17',NULL,0,1104010004,NULL,NULL,NULL,NULL,NULL,156944.00,0.00,'paid Dawood Larance colllege fee by cheque# 00000569 date: 19-03-20',NULL,NULL,NULL,NULL,NULL,NULL,NULL,1,NULL,'0',0.00,NULL,0.00,0,NULL,NULL),(743,'JV0000147','JV0000147','2020-03-17',NULL,0,1801010010,NULL,NULL,NULL,NULL,NULL,0.00,421292.00,'Farm House D.G.Khan - paid by cheque# 00000567 hbl ac for paid demand notice',NULL,NULL,NULL,NULL,NULL,NULL,NULL,1,NULL,'0',0.00,NULL,0.00,0,NULL,NULL),(744,'JV0000147','JV0000147','2020-03-17',NULL,0,1104010004,NULL,NULL,NULL,NULL,NULL,421292.00,0.00,'Farm House D.G.Khan - paid by cheque# 00000567 hbl ac for paid demand notice',NULL,NULL,NULL,NULL,NULL,NULL,NULL,1,NULL,'0',0.00,NULL,0.00,0,NULL,NULL),(745,'JV0000148','JV0000148','2020-03-18',NULL,0,1104010001,NULL,NULL,NULL,NULL,NULL,0.00,700000.00,'Cash received from Elahi Bakhsh',NULL,NULL,NULL,NULL,NULL,NULL,NULL,1,NULL,'0',0.00,NULL,0.00,0,NULL,NULL),(746,'JV0000148','JV0000148','2020-03-18',NULL,0,1103010228,NULL,NULL,NULL,NULL,NULL,700000.00,0.00,'Cash received from Elahi Bakhsh',NULL,NULL,NULL,NULL,NULL,NULL,NULL,1,NULL,'0',0.00,NULL,0.00,0,NULL,NULL),(747,'JV0000149','JV0000149','2020-03-17',NULL,0,1103010016,NULL,NULL,NULL,NULL,NULL,0.00,200000.00,'Jalalpur pir wala - for site expenses',NULL,NULL,NULL,NULL,NULL,NULL,NULL,1,NULL,'0',0.00,NULL,0.00,0,NULL,NULL),(748,'JV0000149','JV0000149','2020-03-17',NULL,0,1104010001,NULL,NULL,NULL,NULL,NULL,200000.00,0.00,'Jalalpur pir wala - for site expenses',NULL,NULL,NULL,NULL,NULL,NULL,NULL,1,NULL,'0',0.00,NULL,0.00,0,NULL,NULL),(749,'JV0000150','JV0000150','2020-03-18',NULL,0,1103010229,NULL,NULL,NULL,NULL,NULL,0.00,500000.00,'City Centre Jampur - Paid by cheque# 00019209 MIB Ac for payment returne from original amount jampur city centre investment',NULL,NULL,NULL,NULL,NULL,NULL,NULL,1,NULL,'0',0.00,NULL,0.00,0,NULL,NULL),(750,'JV0000150','JV0000150','2020-03-18',NULL,0,1104010007,NULL,NULL,NULL,NULL,NULL,500000.00,0.00,'City Centre Jampur - Paid by cheque# 00019209 MIB Ac for payment returne from original amount jampur city centre investment',NULL,NULL,NULL,NULL,NULL,NULL,NULL,1,NULL,'0',0.00,NULL,0.00,0,NULL,NULL),(751,'JV0000151','JV0000151','2020-03-17',NULL,0,1103010230,NULL,NULL,NULL,NULL,NULL,0.00,100000.00,'Jalalpur Pir Wala - payment for bricks online Allied bank Muhammad Usman Ac',NULL,NULL,NULL,NULL,NULL,NULL,NULL,1,NULL,'0',0.00,NULL,0.00,0,NULL,NULL),(752,'JV0000151','JV0000151','2020-03-17',NULL,0,1104010001,NULL,NULL,NULL,NULL,NULL,100000.00,0.00,'Jalalpur Pir Wala - payment for bricks online Allied bank Muhammad Usman Ac',NULL,NULL,NULL,NULL,NULL,NULL,NULL,1,NULL,'0',0.00,NULL,0.00,0,NULL,NULL),(753,'JV0000152','JV0000152','2020-03-18',NULL,0,1103010136,NULL,NULL,NULL,NULL,NULL,0.00,1180.00,'purchase different itmes for kohti c/o makhan bhai',NULL,NULL,NULL,NULL,NULL,NULL,NULL,1,NULL,'0',0.00,NULL,0.00,0,NULL,NULL),(754,'JV0000152','JV0000152','2020-03-18',NULL,0,1104010001,NULL,NULL,NULL,NULL,NULL,1180.00,0.00,'purchase different itmes for kohti c/o makhan bhai',NULL,NULL,NULL,NULL,NULL,NULL,NULL,1,NULL,'0',0.00,NULL,0.00,0,NULL,NULL),(755,'JV0000153','JV0000153','2020-03-17',NULL,0,1104010001,NULL,NULL,NULL,NULL,NULL,0.00,50000.00,'for office expenses paid by cheque# 05554533 dib ac',NULL,NULL,NULL,NULL,NULL,NULL,NULL,1,NULL,'0',0.00,NULL,0.00,0,NULL,NULL),(756,'JV0000153','JV0000153','2020-03-17',NULL,0,1104010006,NULL,NULL,NULL,NULL,NULL,50000.00,0.00,'for office expenses paid by cheque# 05554533 dib ac',NULL,NULL,NULL,NULL,NULL,NULL,NULL,1,NULL,'0',0.00,NULL,0.00,0,NULL,NULL),(757,'JV0000154','JV0000154','2020-03-17',NULL,0,1103010231,NULL,NULL,NULL,NULL,NULL,0.00,100000.00,'City Garden D.G.Khan - For drawing paid by cheque# 21060192 Silk Bank ac RTGS',NULL,NULL,NULL,NULL,NULL,NULL,NULL,1,NULL,'0',0.00,NULL,0.00,0,NULL,NULL),(758,'JV0000154','JV0000154','2020-03-17',NULL,0,1104010008,NULL,NULL,NULL,NULL,NULL,100000.00,0.00,'City Garden D.G.Khan - For drawing paid by cheque# 21060192 Silk Bank ac RTGS',NULL,NULL,NULL,NULL,NULL,NULL,NULL,1,NULL,'0',0.00,NULL,0.00,0,NULL,NULL),(759,'JV0000155','JV0000155','2020-03-18',NULL,0,1103010223,NULL,NULL,NULL,NULL,NULL,0.00,20000.00,'Paid cash to zahid sb',NULL,NULL,NULL,NULL,NULL,NULL,NULL,1,NULL,'0',0.00,NULL,0.00,0,NULL,NULL),(760,'JV0000155','JV0000155','2020-03-18',NULL,0,1104010001,NULL,NULL,NULL,NULL,NULL,20000.00,0.00,'Paid cash to zahid sb',NULL,NULL,NULL,NULL,NULL,NULL,NULL,1,NULL,'0',0.00,NULL,0.00,0,NULL,NULL),(761,'JV0000156','JV0000156','2020-03-18',NULL,0,1103010136,NULL,NULL,NULL,NULL,NULL,0.00,5000.00,'paid cash for kothi c/o mian abdul karim',NULL,NULL,NULL,NULL,NULL,NULL,NULL,1,NULL,'0',0.00,NULL,0.00,0,NULL,NULL),(762,'JV0000156','JV0000156','2020-03-18',NULL,0,1104010001,NULL,NULL,NULL,NULL,NULL,5000.00,0.00,'paid cash for kothi c/o mian abdul karim',NULL,NULL,NULL,NULL,NULL,NULL,NULL,1,NULL,'0',0.00,NULL,0.00,0,NULL,NULL),(763,'JV0000157','JV0000157','2020-03-18',NULL,0,1103010169,NULL,NULL,NULL,NULL,NULL,0.00,15000.00,'Paid cash for shah saddar din',NULL,NULL,NULL,NULL,NULL,NULL,NULL,1,NULL,'0',0.00,NULL,0.00,0,NULL,NULL),(764,'JV0000157','JV0000157','2020-03-18',NULL,0,1104010001,NULL,NULL,NULL,NULL,NULL,15000.00,0.00,'Paid cash for shah saddar din',NULL,NULL,NULL,NULL,NULL,NULL,NULL,1,NULL,'0',0.00,NULL,0.00,0,NULL,NULL),(765,'JV0000158','JV0000158','2020-03-17',NULL,0,1104010001,NULL,NULL,NULL,NULL,NULL,0.00,200000.00,'City Garden D.G.Kha - For booking plot# 43 , 10 marla at City Garden D.G.Khan',NULL,NULL,NULL,NULL,NULL,NULL,NULL,1,NULL,'0',0.00,NULL,0.00,0,NULL,NULL),(766,'JV0000158','JV0000158','2020-03-17',NULL,0,1103010232,NULL,NULL,NULL,NULL,NULL,200000.00,0.00,'City Garden D.G.Kha - For booking plot# 43 , 10 marla at City Garden D.G.Khan',NULL,NULL,NULL,NULL,NULL,NULL,NULL,1,NULL,'0',0.00,NULL,0.00,0,NULL,NULL),(767,'JV0000159','JV0000159','2020-03-17',NULL,0,1104010008,NULL,NULL,NULL,NULL,NULL,0.00,2000000.00,'Deposit cheque into silk bank u&s Ac which was receive For booking plot, 10 marla at city garden d.g.khan payment receive via by cheque# 27904507 Rs. 1500,000 NRSP Bank and Cheque# 47518471 Rs. 500000 FMB Bank',NULL,NULL,NULL,NULL,NULL,NULL,NULL,1,NULL,'0',0.00,NULL,0.00,0,NULL,NULL),(768,'JV0000159','JV0000159','2020-03-17',NULL,0,1103010233,NULL,NULL,NULL,NULL,NULL,2000000.00,0.00,'For booking plot, 10 marla at city garden d.g.khan payment receive via by cheque# 27904507 Rs. 1500,000 NRSP Bank and Cheque# 47518471 Rs. 500000 FMB Bank',NULL,NULL,NULL,NULL,NULL,NULL,NULL,1,NULL,'0',0.00,NULL,0.00,0,NULL,NULL),(769,'JV0000160','JV0000160','2020-03-18',NULL,0,1104010001,NULL,NULL,NULL,NULL,NULL,0.00,200000.00,'City Garden d.g.khan - for sale of  plot# 51 , 06marla city garden d.g.khan payment received by Cash',NULL,NULL,NULL,NULL,NULL,NULL,NULL,1,NULL,'0',0.00,NULL,0.00,0,NULL,NULL),(770,'JV0000160','JV0000160','2020-03-18',NULL,0,1103010234,NULL,NULL,NULL,NULL,NULL,200000.00,0.00,'City Garden d.g.khan - for sale of  plot# 51 , 06marla city garden d.g.khan payment received by Cash',NULL,NULL,NULL,NULL,NULL,NULL,NULL,1,NULL,'0',0.00,NULL,0.00,0,NULL,NULL),(771,'JV0000161','JV0000161','2020-03-18',NULL,0,1104010001,NULL,NULL,NULL,NULL,NULL,0.00,750000.00,'City garden d.g.khan - for booking 04 marla at city garden ext. (note cash was deposit bank from party) bank name not available',NULL,NULL,NULL,NULL,NULL,NULL,NULL,1,NULL,'0',0.00,NULL,0.00,0,NULL,NULL),(772,'JV0000161','JV0000161','2020-03-18',NULL,0,1103010235,NULL,NULL,NULL,NULL,NULL,750000.00,0.00,'City garden d.g.khan - for booking 04 marla at city garden ext. (note cash was deposit bank from party) bank name not available',NULL,NULL,NULL,NULL,NULL,NULL,NULL,1,NULL,'0',0.00,NULL,0.00,0,NULL,NULL),(773,'JV0000162','JV0000162','2020-03-18',NULL,0,1104010008,NULL,NULL,NULL,NULL,NULL,0.00,400000.00,'cash was deposit into silk bank which was receive from sarfaraz rehmani plot# 43 Rs. 200,000 + muhammad hashim sb plot# 51 Rs. 200,000',NULL,NULL,NULL,NULL,NULL,NULL,NULL,1,NULL,'0',0.00,NULL,0.00,0,NULL,NULL),(774,'JV0000162','JV0000162','2020-03-18',NULL,0,1104010001,NULL,NULL,NULL,NULL,NULL,400000.00,0.00,'cash was deposit into silk bank which was receive from sarfaraz rehmani plot# 43 Rs. 200,000 + muhammad hashim sb plot# 51 Rs. 200,000',NULL,NULL,NULL,NULL,NULL,NULL,NULL,1,NULL,'0',0.00,NULL,0.00,0,NULL,NULL),(775,'JV0000163','JV0000163','2020-03-19',NULL,0,1103010134,NULL,NULL,NULL,NULL,NULL,0.00,500000.00,'City Centre Jampur - for site expenses paid by cheque# 00000575 Hbl Ac',NULL,NULL,NULL,NULL,NULL,NULL,NULL,1,NULL,'0',0.00,NULL,0.00,0,NULL,NULL),(776,'JV0000163','JV0000163','2020-03-19',NULL,0,1104010004,NULL,NULL,NULL,NULL,NULL,500000.00,0.00,'City Centre Jampur - for site expenses paid by cheque# 00000575 Hbl Ac',NULL,NULL,NULL,NULL,NULL,NULL,NULL,1,NULL,'0',0.00,NULL,0.00,0,NULL,NULL),(777,'JV0000164','JV0000164','2020-03-19',NULL,0,1103010178,NULL,NULL,NULL,NULL,NULL,0.00,30000.00,'Paid by cheque# 21060195 silk bank',NULL,NULL,NULL,NULL,NULL,NULL,NULL,1,NULL,'0',0.00,NULL,0.00,0,NULL,NULL),(778,'JV0000164','JV0000164','2020-03-19',NULL,0,1104010008,NULL,NULL,NULL,NULL,NULL,30000.00,0.00,'Paid by cheque# 21060195 silk bank',NULL,NULL,NULL,NULL,NULL,NULL,NULL,1,NULL,'0',0.00,NULL,0.00,0,NULL,NULL),(781,'JV0000166','JV0000166','2020-03-19',NULL,0,1103010142,NULL,NULL,NULL,NULL,NULL,0.00,200000.00,'Usmania Village Block A - Paid by cheque# 00000571 HBL for construction of Raees Ghouri House c/o Mirza Nasir Mehmood',NULL,NULL,NULL,NULL,NULL,NULL,NULL,1,NULL,'0',0.00,NULL,0.00,0,NULL,NULL),(782,'JV0000166','JV0000166','2020-03-19',NULL,0,1104010004,NULL,NULL,NULL,NULL,NULL,200000.00,0.00,'Usmania Village Block A - Paid by cheque# 00000571 HBL for construction of Raees Ghouri House c/o Mirza Nasir Mehmood',NULL,NULL,NULL,NULL,NULL,NULL,NULL,1,NULL,'0',0.00,NULL,0.00,0,NULL,NULL),(783,'JV0000165','JV0000165','2020-03-19',NULL,0,1103010133,NULL,NULL,NULL,NULL,NULL,0.00,300000.00,'Usmania Village Block A 09 Marla - paid by cheque# 00000570 Hbl Ac for construction of house c/o Mirza Nasir Mehmood',NULL,NULL,NULL,NULL,NULL,NULL,NULL,1,NULL,'0',0.00,NULL,0.00,0,NULL,NULL),(784,'JV0000165','JV0000165','2020-03-19',NULL,0,1104010004,NULL,NULL,NULL,NULL,NULL,300000.00,0.00,'Usmania Village Block A 09 Marla - paid by cheque# 00000570 Hbl Ac for construction of house c/o Mirza Nasir Mehmood',NULL,NULL,NULL,NULL,NULL,NULL,NULL,1,NULL,'0',0.00,NULL,0.00,0,NULL,NULL),(785,'JV0000167','JV0000167','2020-03-19',NULL,0,1103010133,NULL,NULL,NULL,NULL,NULL,0.00,150000.00,'Usmania Village Block A Masjid - paid by cheque# 00000573 HBL Ac c/o Mirza Nasir Mehmood',NULL,NULL,NULL,NULL,NULL,NULL,NULL,1,NULL,'0',0.00,NULL,0.00,0,NULL,NULL),(786,'JV0000167','JV0000167','2020-03-19',NULL,0,1104010004,NULL,NULL,NULL,NULL,NULL,150000.00,0.00,'Usmania Village Block A Masjid - paid by cheque# 00000573 HBL Ac c/o Mirza Nasir Mehmood',NULL,NULL,NULL,NULL,NULL,NULL,NULL,1,NULL,'0',0.00,NULL,0.00,0,NULL,NULL),(787,'JV0000168','JV0000168','2020-03-19',NULL,0,1103010133,NULL,NULL,NULL,NULL,NULL,0.00,450000.00,'City Garden D.G.Khan Office - paid for construction of office paid by cheque# 21060194 Silk Bank ',NULL,NULL,NULL,NULL,NULL,NULL,NULL,1,NULL,'0',0.00,NULL,0.00,0,NULL,NULL),(788,'JV0000168','JV0000168','2020-03-19',NULL,0,1104010008,NULL,NULL,NULL,NULL,NULL,450000.00,0.00,'City Garden D.G.Khan Office - paid for construction of office paid by cheque# 21060194 Silk Bank ',NULL,NULL,NULL,NULL,NULL,NULL,NULL,1,NULL,'0',0.00,NULL,0.00,0,NULL,NULL),(789,'JV0000169','JV0000169','2020-03-19',NULL,0,1103010135,NULL,NULL,NULL,NULL,NULL,0.00,130540.00,'Usmania Village Block A - payment for purchase iron for construction of house 5.85 Marla',NULL,NULL,NULL,NULL,NULL,NULL,NULL,1,NULL,'0',0.00,NULL,0.00,0,NULL,NULL),(790,'JV0000169','JV0000169','2020-03-19',NULL,0,1104010001,NULL,NULL,NULL,NULL,NULL,130540.00,0.00,'Usmania Village Block A - payment for purchase iron for construction of house 5.85 Marla',NULL,NULL,NULL,NULL,NULL,NULL,NULL,1,NULL,'0',0.00,NULL,0.00,0,NULL,NULL),(791,'JV0000170','JV0000170','2020-03-19',NULL,0,1103010135,NULL,NULL,NULL,NULL,NULL,0.00,51500.00,'Usmania Village Block A - For purchase cement construction of house 5.85 marla',NULL,NULL,NULL,NULL,NULL,NULL,NULL,1,NULL,'0',0.00,NULL,0.00,0,NULL,NULL),(792,'JV0000170','JV0000170','2020-03-19',NULL,0,1104010001,NULL,NULL,NULL,NULL,NULL,51500.00,0.00,'Usmania Village Block A - For purchase cement construction of house 5.85 marla',NULL,NULL,NULL,NULL,NULL,NULL,NULL,1,NULL,'0',0.00,NULL,0.00,0,NULL,NULL),(793,'JV0000171','JV0000171','2020-03-19',NULL,0,1103010135,NULL,NULL,NULL,NULL,NULL,0.00,50000.00,'Usmania Village Block A - paid by cheque# 00000575 HBL Ac for construction of house 5.85 Marlas ',NULL,NULL,NULL,NULL,NULL,NULL,NULL,1,NULL,'0',0.00,NULL,0.00,0,NULL,NULL),(794,'JV0000171','JV0000171','2020-03-19',NULL,0,1104010004,NULL,NULL,NULL,NULL,NULL,50000.00,0.00,'Usmania Village Block A - paid by cheque# 00000575 HBL Ac for construction of house 5.85 Marlas ',NULL,NULL,NULL,NULL,NULL,NULL,NULL,1,NULL,'0',0.00,NULL,0.00,0,NULL,NULL),(795,'JV0000172','JV0000172','2020-03-19',NULL,0,1104010001,NULL,NULL,NULL,NULL,NULL,0.00,45000.00,'for office expenses paid by cheque# 00000576 hbl Ac',NULL,NULL,NULL,NULL,NULL,NULL,NULL,1,NULL,'0',0.00,NULL,0.00,0,NULL,NULL),(796,'JV0000172','JV0000172','2020-03-19',NULL,0,1104010004,NULL,NULL,NULL,NULL,NULL,45000.00,0.00,'for office expenses paid by cheque# 00000576 hbl Ac',NULL,NULL,NULL,NULL,NULL,NULL,NULL,1,NULL,'0',0.00,NULL,0.00,0,NULL,NULL),(797,'JV0000173','JV0000173','2020-03-19',NULL,0,1103010239,NULL,NULL,NULL,NULL,NULL,0.00,75000.00,'Farm house D.G.Khan - Paid by cheque# 00000577 HBL Ac to Rehmat Ullah Cement Waly',NULL,NULL,NULL,NULL,NULL,NULL,NULL,1,NULL,'0',0.00,NULL,0.00,0,NULL,NULL),(798,'JV0000173','JV0000173','2020-03-19',NULL,0,1104010004,NULL,NULL,NULL,NULL,NULL,75000.00,0.00,'Farm house D.G.Khan - Paid by cheque# 00000577 HBL Ac to Rehmat Ullah Cement Waly',NULL,NULL,NULL,NULL,NULL,NULL,NULL,1,NULL,'0',0.00,NULL,0.00,0,NULL,NULL),(799,'JV0000174','JV0000174','2020-03-19',NULL,0,1104010012,NULL,NULL,NULL,NULL,NULL,0.00,4900000.00,'Usmania Village Block A - For sale of kothi 8.85 Marla to Waleed Mubashir payment receive via cheques',NULL,NULL,NULL,NULL,NULL,NULL,NULL,1,NULL,'0',0.00,NULL,0.00,0,NULL,NULL),(800,'JV0000174','JV0000174','2020-03-19',NULL,0,1103010001,NULL,NULL,NULL,NULL,NULL,4900000.00,0.00,'Usmania Village Block A - For sale of kothi 8.85 Marla to Waleed Mubashir payment receive via cheques',NULL,NULL,NULL,NULL,NULL,NULL,NULL,1,NULL,'0',0.00,NULL,0.00,0,NULL,NULL),(801,'JV0000175','JV0000175','2020-03-19',NULL,0,1103010136,NULL,NULL,NULL,NULL,NULL,0.00,16568.00,'paid electricity bills month of march 2020 c/o makhan bhai',NULL,NULL,NULL,NULL,NULL,NULL,NULL,1,NULL,'0',0.00,NULL,0.00,0,NULL,NULL),(802,'JV0000176','JV0000176','2020-03-19',NULL,0,1103010206,NULL,NULL,NULL,NULL,NULL,0.00,90000.00,'Sakhi Sarwar Hospital - paid by cheque# 00000578 HBL Ac to Munir Ahmad For site expenses',NULL,NULL,NULL,NULL,NULL,NULL,NULL,1,NULL,'0',0.00,NULL,0.00,0,NULL,NULL),(803,'JV0000176','JV0000176','2020-03-19',NULL,0,1104010004,NULL,NULL,NULL,NULL,NULL,90000.00,0.00,'Sakhi Sarwar Hospital - paid by cheque# 00000578 HBL Ac to Munir Ahmad For site expenses',NULL,NULL,NULL,NULL,NULL,NULL,NULL,1,NULL,'0',0.00,NULL,0.00,0,NULL,NULL),(804,'JV0000177','JV0000177','2020-03-19',NULL,0,1103010136,NULL,NULL,NULL,NULL,NULL,0.00,7000.00,'Paid cash for cow weekly c/o makhan bhai',NULL,NULL,NULL,NULL,NULL,NULL,NULL,1,NULL,'0',0.00,NULL,0.00,0,NULL,NULL),(805,'JV0000177','JV0000177','2020-03-19',NULL,0,1104010001,NULL,NULL,NULL,NULL,NULL,7000.00,0.00,'Paid cash for cow weekly c/o makhan bhai',NULL,NULL,NULL,NULL,NULL,NULL,NULL,1,NULL,'0',0.00,NULL,0.00,0,NULL,NULL),(806,'JV0000178','JV0000178','2020-03-19',NULL,0,1103010136,NULL,NULL,NULL,NULL,NULL,0.00,4630.00,'Paid cash for purchase different items for kothi c/o Mian Abdul Karim',NULL,NULL,NULL,NULL,NULL,NULL,NULL,1,NULL,'0',0.00,NULL,0.00,0,NULL,NULL),(807,'JV0000178','JV0000178','2020-03-19',NULL,0,1104010001,NULL,NULL,NULL,NULL,NULL,4630.00,0.00,'Paid cash for purchase different items for kothi c/o Mian Abdul Karim',NULL,NULL,NULL,NULL,NULL,NULL,NULL,1,NULL,'0',0.00,NULL,0.00,0,NULL,NULL),(808,'JV0000179','JV0000179','2020-03-19',NULL,0,1103010223,NULL,NULL,NULL,NULL,NULL,0.00,15000.00,'Paid cash for personal',NULL,NULL,NULL,NULL,NULL,NULL,NULL,1,NULL,'0',0.00,NULL,0.00,0,NULL,NULL),(809,'JV0000179','JV0000179','2020-03-19',NULL,0,1104010001,NULL,NULL,NULL,NULL,NULL,15000.00,0.00,'Paid cash for personal',NULL,NULL,NULL,NULL,NULL,NULL,NULL,1,NULL,'0',0.00,NULL,0.00,0,NULL,NULL),(810,'JV0000180','JV0000180','2020-03-19',NULL,0,1103010016,NULL,NULL,NULL,NULL,NULL,0.00,250000.00,'Jalalpur Pir Wala - Paid online to Narullah Sb for site expenses',NULL,NULL,NULL,NULL,NULL,NULL,NULL,1,NULL,'0',0.00,NULL,0.00,0,NULL,NULL),(811,'JV0000180','JV0000180','2020-03-19',NULL,0,1104010004,NULL,NULL,NULL,NULL,NULL,250000.00,0.00,'Jalalpur Pir Wala - Paid online to Narullah Sb for site expenses',NULL,NULL,NULL,NULL,NULL,NULL,NULL,1,NULL,'0',0.00,NULL,0.00,0,NULL,NULL),(812,'JV0000181','JV0000181','2020-03-19',NULL,0,1104010001,NULL,NULL,NULL,NULL,NULL,0.00,325000.00,'for office expenses paid by cheque# 00000580 hbl ac',NULL,NULL,NULL,NULL,NULL,NULL,NULL,1,NULL,'0',0.00,NULL,0.00,0,NULL,NULL),(813,'JV0000181','JV0000181','2020-03-19',NULL,0,1104010004,NULL,NULL,NULL,NULL,NULL,325000.00,0.00,'for office expenses paid by cheque# 00000580 hbl ac',NULL,NULL,NULL,NULL,NULL,NULL,NULL,1,NULL,'0',0.00,NULL,0.00,0,NULL,NULL),(814,'JV0000182','JV0000182','2020-03-19',NULL,0,1103010222,NULL,NULL,NULL,NULL,NULL,0.00,75000.00,'Usmania village - Sign Board',NULL,NULL,NULL,NULL,NULL,NULL,NULL,1,NULL,'0',0.00,NULL,0.00,0,NULL,NULL),(815,'JV0000182','JV0000182','2020-03-19',NULL,0,1103010222,NULL,NULL,NULL,NULL,NULL,0.00,50000.00,'Usmanai Village - For Dust bin advance',NULL,NULL,NULL,NULL,NULL,NULL,NULL,1,NULL,'0',0.00,NULL,0.00,0,NULL,NULL),(816,'JV0000182','JV0000182','2020-03-19',NULL,0,1103010222,NULL,NULL,NULL,NULL,NULL,0.00,200000.00,'City Centre Jampur - Clock Tower',NULL,NULL,NULL,NULL,NULL,NULL,NULL,1,NULL,'0',0.00,NULL,0.00,0,NULL,NULL),(817,'JV0000182','JV0000182','2020-03-19',NULL,0,1104010001,NULL,NULL,NULL,NULL,NULL,325000.00,0.00,'for waleed printing high sign',NULL,NULL,NULL,NULL,NULL,NULL,NULL,1,NULL,'0',0.00,NULL,0.00,0,NULL,NULL),(818,'JV0000183','JV0000183','2020-03-19',NULL,0,1104010001,NULL,NULL,NULL,NULL,NULL,0.00,500000.00,'City Garden D.G.Khan - for booking plot# 20 , 05 Marla at city garden d.g.khan Mrs. Farhat Rafiq ',NULL,NULL,NULL,NULL,NULL,NULL,NULL,1,NULL,'0',0.00,NULL,0.00,0,NULL,NULL),(819,'JV0000183','JV0000183','2020-03-19',NULL,0,1103010240,NULL,NULL,NULL,NULL,NULL,500000.00,0.00,'City Garden D.G.Khan - for booking plot# 20 , 05 Marla at city garden d.g.khan Mrs. Farhat Rafiq ',NULL,NULL,NULL,NULL,NULL,NULL,NULL,1,NULL,'0',0.00,NULL,0.00,0,NULL,NULL),(820,'JV0000184','JV0000184','2020-03-19',NULL,0,1104010007,NULL,NULL,NULL,NULL,NULL,0.00,7000000.00,'payment received via cheque# 7002220269 Bop Kot Mithan Br Rs. 2500,000 and cheque# 7002220268 BOP Kot Mithan Br. Rs. 4500,000 total Rs. 7000,000 from Sardar Ahmad Ali Sb',NULL,NULL,NULL,NULL,NULL,NULL,NULL,1,NULL,'0',0.00,NULL,0.00,0,NULL,NULL),(821,'JV0000184','JV0000184','2020-03-19',NULL,0,1103010217,NULL,NULL,NULL,NULL,NULL,7000000.00,0.00,'payment received via cheque# 7002220269 Bop Kot Mithan Br Rs. 2500,000 and cheque# 7002220268 BOP Kot Mithan Br. Rs. 4500,000 total Rs. 7000,000 from Sardar Ahmad Ali Sb',NULL,NULL,NULL,NULL,NULL,NULL,NULL,1,NULL,'0',0.00,NULL,0.00,0,NULL,NULL),(822,'JV0000185','JV0000185','2020-03-09',NULL,0,1104010007,NULL,NULL,NULL,NULL,NULL,0.00,16500000.00,'Deposit cheques into MIB which was received from Sardar Ahmad Ali sb c/o Shahzad Jaskani\r\n',NULL,NULL,NULL,NULL,NULL,NULL,NULL,1,NULL,'0',0.00,NULL,0.00,0,NULL,NULL),(823,'JV0000185','JV0000185','2020-03-09',NULL,0,1103010217,NULL,NULL,NULL,NULL,NULL,16500000.00,0.00,'Cheque received from Saddar Sb c/o Shahzad Jaskani sb cheque# 7002153814 Rs. 4500,000 # 7002153813 Rs. 4500,000 # 1306677851 Rs. 4000,000 # 1306677852 Rs. 3500,000 Total Rs. 16500,000 (Amanat)\r\n',NULL,NULL,NULL,NULL,NULL,NULL,NULL,1,NULL,'0',0.00,NULL,0.00,0,NULL,NULL),(824,'JV0000186','JV0000186','2020-03-20',NULL,0,1104010001,NULL,NULL,NULL,NULL,NULL,0.00,2500000.00,'Gulshan e Usman Kot Addu - Installment from muhammad iftikhar hussain gurmani for sale of kothi approx 04 1/2 Marla at gulshan e usman kot addu remaning installment due 05-01-2021 Rs. 4000,000',NULL,NULL,NULL,NULL,NULL,NULL,NULL,1,NULL,'0',0.00,NULL,0.00,0,NULL,NULL),(825,'JV0000186','JV0000186','2020-03-20',NULL,0,1103010242,NULL,NULL,NULL,NULL,NULL,2500000.00,0.00,'Gulshan e Usman Kot Addu - Installment from muhammad iftikhar hussain gurmani for sale of kothi approx 04 1/2 Marla at gulshan e usman kot addu remaning installment due 05-01-2021 Rs. 4000,000',NULL,NULL,NULL,NULL,NULL,NULL,NULL,1,NULL,'0',0.00,NULL,0.00,0,NULL,NULL),(826,'JV0000187','JV0000187','2020-03-20',NULL,0,1103010242,NULL,NULL,NULL,NULL,NULL,0.00,9500.00,'Paid cash to Iftikhar hussain gurmani kot addu waly for dastti c/o Usman Sb',NULL,NULL,NULL,NULL,NULL,NULL,NULL,1,NULL,'0',0.00,NULL,0.00,0,NULL,NULL),(827,'JV0000187','JV0000187','2020-03-20',NULL,0,1801010004,NULL,NULL,NULL,NULL,NULL,0.00,3000.00,'Paid cash for labour wages office masson work at office',NULL,NULL,NULL,NULL,NULL,NULL,NULL,1,NULL,'0',0.00,NULL,0.00,0,NULL,NULL),(828,'JV0000187','JV0000187','2020-03-20',NULL,0,1104010001,NULL,NULL,NULL,NULL,NULL,12500.00,0.00,'Paid cash to Iftikhar hussain gurmani kot addu waly for dastti c/o Usman Sb and  Paid cash for labour wages office masson work at office',NULL,NULL,NULL,NULL,NULL,NULL,NULL,1,NULL,'0',0.00,NULL,0.00,0,NULL,NULL),(831,'JV0000015','JV0000015','2020-03-12',NULL,0,1104010001,NULL,NULL,NULL,NULL,NULL,0.00,80000.00,'For office expenses',NULL,NULL,NULL,NULL,NULL,NULL,NULL,1,NULL,'0',0.00,NULL,0.00,0,NULL,NULL),(832,'JV0000015','JV0000015','2020-03-12',NULL,0,1104010010,NULL,NULL,NULL,NULL,NULL,80000.00,0.00,'for office expenses by cheque# 97919591 UBL M Zahid Ac',NULL,NULL,NULL,NULL,NULL,NULL,NULL,1,NULL,'0',0.00,NULL,0.00,0,NULL,NULL),(855,'JV0000188','JV0000188','2019-08-09',NULL,0,1103010266,NULL,NULL,NULL,NULL,NULL,0.00,100000.00,'Dastti - Paid by cheque# 18865271 Silk Bank Date: 09-08-2020 for Dastti Wapsi',NULL,NULL,NULL,NULL,NULL,NULL,NULL,1,NULL,'0',0.00,NULL,0.00,0,NULL,NULL),(856,'JV0000188','JV0000188','2019-08-09',NULL,0,1104010008,NULL,NULL,NULL,NULL,NULL,100000.00,0.00,'Dastti - Paid by cheque# 18865271 Silk Bank Date: 09-08-2020 for Dastti Wapsi',NULL,NULL,NULL,NULL,NULL,NULL,NULL,1,NULL,'0',0.00,NULL,0.00,0,NULL,NULL),(857,'JV0000189','JV0000189','2019-12-17',NULL,0,1103010267,NULL,NULL,NULL,NULL,NULL,0.00,1000000.00,'City Garden D.G.Khna - Paid by cheque# 19956173 Silk Bank date: 17-12-2019 for purchase land 8 1/2 Begha Mouza Gaddai Gharbi',NULL,NULL,NULL,NULL,NULL,NULL,NULL,1,NULL,'0',0.00,NULL,0.00,0,NULL,NULL),(858,'JV0000189','JV0000189','2019-12-17',NULL,0,1104010008,NULL,NULL,NULL,NULL,NULL,1000000.00,0.00,'City Garden D.G.Khna - Paid by cheque# 19956173 Silk Bank date: 17-12-2019 for purchase land 8 1/2 Begha Mouza Gaddai Gharbi',NULL,NULL,NULL,NULL,NULL,NULL,NULL,1,NULL,'0',0.00,NULL,0.00,0,NULL,NULL),(859,'JV0000190','JV0000190','2020-03-20',NULL,0,1104010006,NULL,NULL,NULL,NULL,NULL,0.00,600000.00,'Usmania Village Block A - Installment from Sultan Mehmood plot# 58, block A',NULL,NULL,NULL,NULL,NULL,NULL,NULL,1,NULL,'0',0.00,NULL,0.00,0,NULL,NULL),(860,'JV0000190','JV0000190','2020-03-20',NULL,0,1103010268,NULL,NULL,NULL,NULL,NULL,600000.00,0.00,'Usmania Village Block A - Installment from Sultan Mehmood plot# 58, block A',NULL,NULL,NULL,NULL,NULL,NULL,NULL,1,NULL,'0',0.00,NULL,0.00,0,NULL,NULL),(861,'JV0000191','JV0000191','2020-03-21',NULL,0,1104010006,NULL,NULL,NULL,NULL,NULL,0.00,297500.00,'Usmania Village Block B -Installment from Saifullah plot# 19-B Payment receive by cheque# 13233718 Meezan Bank',NULL,NULL,NULL,NULL,NULL,NULL,NULL,1,NULL,'0',0.00,NULL,0.00,0,NULL,NULL),(862,'JV0000191','JV0000191','2020-03-21',NULL,0,1103010269,NULL,NULL,NULL,NULL,NULL,297500.00,0.00,'Usmania Village Block B -Installment from Saifullah plot# 19-B Payment receive by cheque# 13233718 Meezan Bank',NULL,NULL,NULL,NULL,NULL,NULL,NULL,1,NULL,'0',0.00,NULL,0.00,0,NULL,NULL),(863,'JV0000192','JV0000192','2020-03-20',NULL,0,1103010156,NULL,NULL,NULL,NULL,NULL,0.00,700000.00,'Usmania Village  Block A - Paid by cheque# 05554534 DIB 20-03-2020 payment for purchase land',NULL,NULL,NULL,NULL,NULL,NULL,NULL,1,NULL,'0',0.00,NULL,0.00,0,NULL,NULL),(864,'JV0000192','JV0000192','2020-03-20',NULL,0,1104010006,NULL,NULL,NULL,NULL,NULL,700000.00,0.00,'Usmania Village  Block A - Paid by cheque# 05554534 DIB 20-03-2020 payment for purchase land',NULL,NULL,NULL,NULL,NULL,NULL,NULL,1,NULL,'0',0.00,NULL,0.00,0,NULL,NULL),(865,'JV0000193','JV0000193','2020-03-20',NULL,0,1103010270,NULL,NULL,NULL,NULL,NULL,0.00,300000.00,'Paid by cheque# 00000581 HBL for 2 Month committee',NULL,NULL,NULL,NULL,NULL,NULL,NULL,1,NULL,'0',0.00,NULL,0.00,0,NULL,NULL),(866,'JV0000193','JV0000193','2020-03-20',NULL,0,1104010004,NULL,NULL,NULL,NULL,NULL,300000.00,0.00,'Paid by cheque# 00000581 HBL for 2 Month committee',NULL,NULL,NULL,NULL,NULL,NULL,NULL,1,NULL,'0',0.00,NULL,0.00,0,NULL,NULL),(877,'JV0000194','JV0000200','2020-03-20',NULL,0,1103010156,NULL,NULL,NULL,NULL,NULL,0.00,1500000.00,'Usmania Village  Block A - Paid by cheque# 00000582 HBL 20-03-2020 payment for purchase land',NULL,NULL,NULL,NULL,NULL,NULL,NULL,1,NULL,'0',0.00,NULL,0.00,0,NULL,NULL),(878,'JV0000194','JV0000200','2020-03-20',NULL,0,1104010004,NULL,NULL,NULL,NULL,NULL,1500000.00,0.00,'Usmania Village  Block A - Paid by cheque# 00000582 HBL 20-03-2020 payment for purchase land',NULL,NULL,NULL,NULL,NULL,NULL,NULL,1,NULL,'0',0.00,NULL,0.00,0,NULL,NULL),(879,'JV0000195','JV0000yry','2020-04-06',NULL,0,1103010049,NULL,NULL,NULL,NULL,NULL,0.00,333.00,'',NULL,NULL,NULL,NULL,NULL,NULL,NULL,1,NULL,'0',0.00,NULL,0.00,0,NULL,NULL),(880,'JV0000195','JV0000yry','2020-04-06',NULL,0,1103010051,NULL,NULL,NULL,NULL,NULL,333.00,0.00,'',NULL,NULL,NULL,NULL,NULL,NULL,NULL,1,NULL,'0',0.00,NULL,0.00,0,NULL,NULL);

/*!40101 SET SQL_MODE=@OLD_SQL_MODE */;
/*!40014 SET FOREIGN_KEY_CHECKS=@OLD_FOREIGN_KEY_CHECKS */;
/*!40014 SET UNIQUE_CHECKS=@OLD_UNIQUE_CHECKS */;
/*!40111 SET SQL_NOTES=@OLD_SQL_NOTES */;
